sin_01_00001|කුඹුර ගොවියාට වී ලබා ගැනීමට උපකාරී වීම් වශයෙන් පිහිට වන්නකි.|kumbura goviyāṭa vī labā gænīmaṭa upakārī vīm vaśayen pihiṭa vannaki.
sin_01_00002|එහෙත් ගොවියා වී ලබා ගනුයේ ඔහුගේ මහත් වූ වීර්ය්යයෙනි.|ehet goviyā vī labā ganuyē ohugē mahat vū vīryyayeni.
sin_01_00003|ගොවියා ගේ ප්රයෝජනය පිණිස අල්ප ව්යායාමයකුදු කුඹුර නො කරන්නේ ය.|goviyā gē prayōjanaya piṇisa alpa vyāyāmayakudu kumbura no karannē ya.
sin_01_00004|එහෙත් කුඹුර නැතිව කොතෙක් උත්සාහ කළත් ගොවියාට වී නො ලැබිය හැකි බැවින්, කුඹුර වී ලබා ගැනීමට ගොවියාට පිහිට වන්නක් සැටියට සැමදෙන ම පිළිගනිති.|ehet kumbura nætiva kotek utsāha kaḷat goviyāṭa vī no læbiya hæki bævin, kumbura vī labā gænīmaṭa goviyāṭa pihiṭa vannak sæṭiyaṭa sæmadena ma piḷiganiti.
sin_01_00005|මනුෂ්යයන් විසින් කුඹුර වටිනා දෙයක් ලෙස පිළිගන්නේ ද ඒ නිසා ම ය.|manuşyayan visin kumbura vaṭinā deyak lesa piḷigannē da ē nisā ma ya.
sin_01_00006|ව්යායාමයක් නැති බැවින් කුඹුර මනුෂ්යයන්ට පිහිටක් නැති දෙයක් නම්, මනුෂ්යයෝ එය වටිනා වස්තුවක් ලෙස නො පිළිගනිති.|vyāyāmayak næti bævin kumbura manuşyayanṭa pihiṭak næti deyak nam, manuşyayō eya vaṭinā vastuvak lesa no piḷiganiti.
sin_01_00007|සකල පාපමලාපගමයෙන් සුපරිශුද්ධ වූ ද, අර්හත් සර්වඥත්වාදී අපරිමිත ගුණ සාරයෙන් සාරවත් වූ ද, සන්තාන ඇති තථාගතයන් වහන්සේ පින් නමැති උත්තම වස්තුව ලා දීමෙන් සත්ත්වයනට පිහිට වන්නා වූ කුඹුරෙකි.|sakala pāpamalāpagamayen supariśuddha vū da, arhat sarvagnatvādī aparimita guṇa sārayen sāravat vū da, santāna æti tathāgatayan vahansē pin namæti uttama vastuva lā dīmen sattvayanaṭa pihiṭa vannā vū kumbureki.
sin_01_00008|උන් වහන්සේ කෙරෙහි සිත පහදවා ගැනීම් මාත්රය පවා නොයෙක් වර දෙව් මිනිස් සැප ලැබීමට හේතු වන කුශලයෙකි.|un vahansē kerehi sita pahadavā gænīm mātraya pavā noyek vara dev minis sæpa læbīmaṭa hētu vana kuśalayeki.
sin_01_00009|පූජා සත්කාර කිරීමෙන් ලැබිය හැකි කුශලය ගැන කියනුම කිම? එය සියලු දුක් දුරු කර ගැනීමටත් සියලු සම්පත් ලැබීමටත් හේතු වන කුශලයෙකි.|pūjā satkāra kirīmen læbiya hæki kuśalaya gæna kiyanuma kima? eya siyalu duk duru kara gænīmaṭat siyalu sampat læbīmaṭat hētu vana kuśalayeki.
sin_01_00010|ඒ මහත් වූ කුශලය තමාගේ ම උත්සාහයෙන් ලබා ගන්නක් වන නමුත් බුදුන් වහන්සේ ඒ සඳහා කරන ව්යායාමයක් නැති නමුත්, තථාගතයන් වහන්සේ ලොව පහළ නො වී නම් සත්ත්වයනට ඒ කුශලය ලබා ගත නොහෙන බැවින් ගොවියාට කුඹුර පිහිට වන්නාක් මෙන් තථාගතයන් වහන්සේ සත්ත්වයනට පිහිට වන බව දත යුතු ය.|ē mahat vū kuśalaya tamāgē ma utsāhayen labā gannak vana namut budun vahansē ē saṉdahā karana vyāyāmayak næti namut, tathāgatayan vahansē lova pahaḷa no vī nam sattvayanaṭa ē kuśalaya labā gata nohena bævin goviyāṭa kumbura pihiṭa vannāk men tathāgatayan vahansē sattvayanaṭa pihiṭa vana bava data yutu ya.
sin_01_00011|අප ශ්රී සිද්ධාර්ථ ගෞතම සාක්යමුනීන්ද්රයන් වහන්සේට මීට චතුරසංඛ්ය කල්ප ලක්ෂයකට පෙර ම නිවන් ලැබිය හැකි ව තිබුණේ ය.|apa śrī siddhārtha gautama sākyamunīndrayan vahansēṭa mīṭa caturasaṁkhya kalpa lakşayakaṭa pera ma nivan læbiya hæki va tibuṇē ya.
sin_01_00012|උන් වහන්සේ එදා ලැබිය හැකි ව තිබූ නිවන සත්ත්වානුකම්පාවෙන් හැර සසරට පිවිස සාරාසංඛ්ය කල්ප ලක්ෂයක් වූ අතිදීර්ඝ කාලය මුළුල්ලෙහි මහා ව්යායාමයක් කළ සේක.|un vahansē edā læbiya hæki va tibū nivana sattvānukampāven hæra sasaraṭa pivisa sārāsaṁkhya kalpa lakşayak vū atidīrgha kālaya muḷullehi mahā vyāyāmayak kaḷa sēka.
sin_01_00013|එය කරන ලදුයේ සත්ත්වයනට පිහිට වනු පිණිස ම ය.|eya karana laduyē sattvayanaṭa pihiṭa vanu piṇisa ma ya.
sin_01_00014|දැන් අපට පිහිට වන්නා වූ අපගේ මාපියාදි කිසිවෙක් අපට දුකක් පැමිණි කල ඉන් අප මුදවා ගනු පිණිස තමන් ගේ ශරීරවලින් ලේ කළඳකුදු මස් කළඳකුදු වියදම් නො කරන්නාහ.|dæn apaṭa pihiṭa vannā vū apagē māpiyādi kisivek apaṭa dukak pæmiṇi kala in apa mudavā ganu piṇisa taman gē śarīravalin lē kaḷaṉdakudu mas kaḷaṉdakudu viyadam no karannāha.
sin_01_00015|එහෙත් බුදුන් වහන්සේ අපට පිහිටවනු පිණිස බුද්ධත්වය පතා ධනය ද, අඹුදරුවන් ද, තමන් වහන්සේගේ ඇස් ඉස් ලේ මස් ද ජීවිතය ද සියදහස් ගණන් ජාතිවලදී පරිත්යාග කළ සේක.|ehet budun vahansē apaṭa pihiṭavanu piṇisa buddhatvaya patā dhanaya da, ambudaruvan da, taman vahansēgē æs is lē mas da jīvitaya da siyadahas gaṇan jātivaladī parityāga kaḷa sēka.
sin_01_00016|එ බැවින් මහා කාරුණික වූ තථාගතයන් වහන්සේ අපට පිහිට වනු පිණිස කළ ක්රියා රාශිය ද ඉතා මහත් බව දත යුතු ය.|e bævin mahā kāruṇika vū tathāgatayan vahansē apaṭa pihiṭa vanu piṇisa kaḷa kriyā rāśiya da itā mahat bava data yutu ya.
sin_01_00017|එය මෙතෙකැයි ප්රමාණ කරන්නට ද නුපුළුවන.|eya metekæyi pramāṇa karannaṭa da nupuḷuvana.
sin_01_00018|ධර්මරත්නය සත්ත්වයනට පිහිට වන ආකාරය මෙසේ ය.|dharmaratnaya sattvayanaṭa pihiṭa vana ākāraya mesē ya.
sin_01_00019|ලෝකෝත්තර ධර්ම නවය අතුරෙන් සෝවාන් මාර්ගය, එය ලබා ගත් තැනැත්තා සතර අපායෙන් හා ජාති සතකින් මත්තෙහි ඔහුට ලැබෙන්නට තිබෙන සංසාර දුඃඛයෙන් ද එතර කොට නිවනට පමුණුවයි.|lōkōttara dharma navaya aturen sōvān mārgaya, eya labā gat tænættā satara apāyen hā jāti satakin mattehi ohuṭa læbennaṭa tibena saṁsāra duḥkhayen da etara koṭa nivanaṭa pamuṇuvayi.
sin_01_00020|සෝවාන් මාර්ගයට පැමිණි ආර්ය්ය ශ්රාවකයා හට එහි ආනුභාවයෙන් නැති වූ දුඃඛස්කන්ධය මහ පොළොවේ පස් සමූහය මෙන් ද, ඔහුට ඉතිරි දුඃඛය කෙනකු විසින් මහපොළොවෙන් නිය පිටට ගත් පස් ස්වල්පය මෙන් ද දත යුතු ය.|sōvān mārgayaṭa pæmiṇi āryya śrāvakayā haṭa ehi ānubhāvayen næti vū duḥkhaskandhaya maha poḷovē pas samūhaya men da, ohuṭa itiri duḥkhaya kenaku visin mahapoḷoven niya piṭaṭa gat pas svalpaya men da data yutu ya.
sin_01_00021|සකෘදාගාමී මාර්ගය එක් වරකින් මතු කාම ලෝකයේ ඉපද ලබන්නට වන දුඃඛ ස්කන්ධයෙන් ඒ මාර්ගය ලැබූ පුද්ගලයා එතර කොට නිවනට පමුණුවයි.|sakṛdāgāmī mārgaya ek varakin matu kāma lōkayē ipada labannaṭa vana duḥkha skandhayen ē mārgaya læbū pudgalayā etara koṭa nivanaṭa pamuṇuvayi.
sin_01_00022|අනාගාමි මාර්ගය, මතු කාමලෝකයේ ඉපිද ලැබිය හැකි දුඃඛස්කන්ධයෙන් එයට පැමිණි පුද්ගලයා එතර කොට නිවනට පමුණුවයි.|anāgāmi mārgaya, matu kāmalōkayē ipida læbiya hæki duḥkhaskandhayen eyaṭa pæmiṇi pudgalayā etara koṭa nivanaṭa pamuṇuvayi.
sin_01_00023|අර්හත් මාර්ගය, මේ භවයෙන් මතු ඉපදීමෙන් ලැබිය හැකි දුඃඛස්කන්ධයෙන් එයට පැමිණි පුද්ගලයා එතර කොට නිවනට පමුණුවයි.|arhat mārgaya, mē bhavayen matu ipadīmen læbiya hæki duḥkhaskandhayen eyaṭa pæmiṇi pudgalayā etara koṭa nivanaṭa pamuṇuvayi.
sin_01_00024|නිර්වාණ ධර්මය වනාහි සකල සාංසාරිකාපායික දුඃඛස්කන්ධය නිවීම් වශයෙන් ඒ ඒ මාර්ග ඵලයන්ට පැමිණියවුන්ට පිහිට වේ.|nirvāṇa dharmaya vanāhi sakala sāṁsārikāpāyika duḥkhaskandhaya nivīm vaśayen ē ē mārga phalayanṭa pæmiṇiyavunṭa pihiṭa vē.
sin_01_00025|දුක් නැති කර ගැනීමට ඇත්තා වූ උසස් ම පිහිට ඒ නිවන ය.|duk næti kara gænīmaṭa ættā vū usas ma pihiṭa ē nivana ya.
sin_01_00026|පර්ය්යාප්ති සංඛ්යාත පිටකත්රය ධර්මය වනාහි සියලු දුක් නැති කර ගැනීමේ හා සියලු සම්පත් ලබා ගැනීමේ ද මාර්ගය දැක්වීම් වශයෙන් සත්ත්වයන්ට පිහිට වේ.|paryyāpti saṁkhyāta piṭakatraya dharmaya vanāhi siyalu duk næti kara gænīmē hā siyalu sampat labā gænīmē da mārgaya dækvīm vaśayen sattvayanṭa pihiṭa vē.
sin_01_00027|මරනු සඳහා ගැසීම්, කැපීම්, ඇනීම් ආදි සියතින් ම කරන්නා වූ ව්යායාම ස්වාහස්තික ප්රයෝග නම් වේ.|maranu saṉdahā gæsīm, kæpīm, ænīm ādi siyatin ma karannā vū vyāyāma svāhastika prayōga nam vē.
sin_01_00028|සියතින් නො මරා අනෙකකු ලවා කරවීම ආඥා ප්රයෝග නම් වේ.|siyatin no marā anekaku lavā karavīma āgnā prayōga nam vē.
sin_01_00029|ගල් ගැසීම, පොලු දමා ගැසීම, ආයුධ දමා ගැසීම, වෙඩි තැබීම යනාදි වශයෙන් යම් කිසිවක් තමා ගේ අතින් මුදා සත්ත්වයකුගේ ශරීරයට යැවීම් වශයෙන් කරන්නා වූ උත්සාහය නිස්සර්ගික ප්රයෝග නම් වේ.|gal gæsīma, polu damā gæsīma, āyudha damā gæsīma, veḍi tæbīma yanādi vaśayen yam kisivak tamā gē atin mudā sattvayakugē śarīrayaṭa yævīm vaśayen karannā vū utsāhaya nissargika prayōga nam vē.
sin_01_00030|උගුල් ඇටවීම, හුල් සිටවා තැබීම, තුවක්කු බැඳ තැබීම, වලවල් සාරා තැබීම යනාදිය ස්ථාවර ප්රයෝග නම් වේ.|ugul æṭavīma, hul siṭavā tæbīma, tuvakku bæṉda tæbīma, valaval sārā tæbīma yanādiya sthāvara prayōga nam vē.
sin_01_00031|අංගම් පිඹීම, සූනියම් කිරීම, පිල්ලි යැවීම ආදි වූ විද්යාවකින් කරන්නා වූ උත්සාහය විද්යාමය ප්රයෝග නම් වේ.|aṁgam pimbīma, sūniyam kirīma, pilli yævīma ādi vū vidyāvakin karannā vū utsāhaya vidyāmaya prayōga nam vē.
sin_01_00032|ඇතැම් සත්ත්වයනට අනුන් නැසිය හැකි ඍද්ධි උත්පත්තියෙන් ම පිහිටා තිබේ.|ætæm sattvayanaṭa anun næsiya hæki ṛddhi utpattiyen ma pihiṭā tibē.
sin_01_00033|බොහෝ සෙයින් එබඳු ඍද්ධි ඇත්තෝ අමනුෂ්යයෝ ය.|bohō seyin ebaṉdu ṛddhi ættō amanuşyayō ya.
sin_01_00034|ඔවුනට තමාගේ ශරීරය දැක්වීමෙන් ද, බිය ගෙන දෙන වෙස් මවා දැක්වීමෙන් ද, බිය ගන්වා මනුෂ්යාදි සත්ත්වයන් මැරිය හැකිය. ඒ ඔවුන්ගේ ඍද්ධිය ය.|ovunaṭa tamāgē śarīraya dækvīmen da, biya gena dena ves mavā dækvīmen da, biya ganvā manuşyādi sattvayan mæriya hækiya. ē ovungē ṛddhiya ya.
sin_01_00035|එ බඳු ඍද්ධියකින් කරන්නා වූ උත්සාහය ඍද්ධිමය ප්රයෝග නම් වේ.|e baṉdu ṛddhiyakin karannā vū utsāhaya ṛddhimaya prayōga nam vē.
sin_01_00036|මේ සයක් වූ ප්රයෝගයන් අතුරෙන් කවර ප්රයෝගයකින් වුව ද මැරුවහොත් ප්රාණඝාත පාපය සිදු වේ.|mē sayak vū prayōgayan aturen kavara prayōgayakin vuva da mæruvahot prāṇaghāta pāpaya sidu vē.
sin_01_00037|'දෙවන භාජන ප්රතික්ෂේප කරමි, පත්තපිණ්ඩිකාංගය සමාදන් වෙමිය' යනු එහි තේරුම ය.|'devana bhājana pratikşēpa karami, pattapiṇḍikāṁgaya samādan vemiya' yanu ehi tēruma ya.
sin_01_00038|මෙය රක්නා තැනැත්තා විසින් වළඳන අහර සියල්ල ම එකවර එක් භාජනයකට ගෙන වැළඳිය යුතුය.|meya raknā tænættā visin vaḷaṉdana ahara siyalla ma ekavara ek bhājanayakaṭa gena væḷaṉdiya yutuya.
sin_01_00039|මිශ්ර වූ කල්හි වැළඳිය නොහෙන ආහාරයක් වේ නම් එය වළඳන භාජනයට ගෙන පළමු ව හෝ පසුව වැළඳිය යුතු ය.|miśra vū kalhi væḷaṉdiya nohena āhārayak vē nam eya vaḷaṉdana bhājanayaṭa gena paḷamu va hō pasuva væḷaṉdiya yutu ya.
sin_01_00040|දෙවන භාජනයක් වශයෙන් කෙසෙල් පතකුදු ගතහොත්, ධුතාංගය බිඳේ.|devana bhājanayak vaśayen kesel patakudu gatahot, dhutāṁgaya biṉdē.
sin_01_00041|ආහාරය පිළිගන්නා කල්හි ද පමණ ඉක්මවා නො ගෙන සෑහෙන පමණට පිළිගත යුතු ය.|āhāraya piḷigannā kalhi da pamaṇa ikmavā no gena sǣhena pamaṇaṭa piḷigata yutu ya.
sin_01_00042|මේ ධුතාංග දෙක ම එකවර සමාදන් වී රැකිය හැකි ය.|mē dhutāṁga deka ma ekavara samādan vī rækiya hæki ya.
sin_01_00043|මරණින් මතු සත්ත්වයා අන්ය භාවයකට පමුණුවා අභිනව පුද්ගලයකු කොට උපදවන්නා වූ කුශලාකුශල කර්මය ජනක කර්මය නම් වේ.|maraṇin matu sattvayā anya bhāvayakaṭa pamuṇuvā abhinava pudgalayaku koṭa upadavannā vū kuśalākuśala karmaya janaka karmaya nam vē.
sin_01_00044|තවත් ක්රමයකින් කියතොත් අනාගත භවයෙහි ප්රතිසන්ධිය ගෙන දෙන්නා වූ කර්මය ජනක කර්ම නම් වේ.|tavat kramayakin kiyatot anāgata bhavayehi pratisandhiya gena dennā vū karmaya janaka karma nam vē.
sin_01_00045|අංග සම්පූර්ණ වී බලවත් වූ කුශලාකුශලයෝ ජනක කර්ම වෙති.|aṁga sampūrṇa vī balavat vū kuśalākuśalayō janaka karma veti.
sin_01_00046|දුර්වල කර්මයෝ ජනක කර්ම භාවයට නො පැමිණෙති.|durvala karmayō janaka karma bhāvayaṭa no pæmiṇeti.
sin_01_00047|ප්රතිසන්ධියක් ගෙන දීමට තරම් ශක්තිය නැති කර්මයෝ, ජනක කර්මයකින් භවයෙහි උපන් සත්ත්වයා හට වරින් වර සැප දුක් ගෙන දෙති|pratisandhiyak gena dīmaṭa taram śaktiya næti karmayō, janaka karmayakin bhavayehi upan sattvayā haṭa varin vara sæpa duk gena deti
sin_01_00048|සමහර විට විපාකයක් සර්වාකාරයෙන් ම නොදී අභාවයට යෙති.|samahara viṭa vipākayak sarvākārayen ma nodī abhāvayaṭa yeti.
sin_01_00049|සුගති දුර්ගතීන්ට පැමිණවීමේ ශක්තිය ඇති බොහෝ ජනකකර්ම එක් පුද්ගලයකුට ඇත්තේ ය.|sugati durgatīnṭa pæmiṇavīmē śaktiya æti bohō janakakarma ek pudgalayakuṭa ættē ya.
sin_01_00050|එයින් එක් වරකට විපාක දෙන්නේ එක් ජනක කර්මයෙකි.|eyin ek varakaṭa vipāka dennē ek janaka karmayeki.
sin_01_00051|ජනකකර්ම බොහෝ ගණනකට එකවර විපාක දීමට අවකාශයක් නැත.|janakakarma bohō gaṇanakaṭa ekavara vipāka dīmaṭa avakāśayak næta.
sin_01_00052|සත්ත්වයකු එක් එක් භවයක ජීවත් වන කාලය එක් ජනක කර්මයක විපාකය ලබමින් සිටින කාලය ය.|sattvayaku ek ek bhavayaka jīvat vana kālaya ek janaka karmayaka vipākaya labamin siṭina kālaya ya.
sin_01_00053|මරණයට පැමිණීමෙන් ඒ භවය කෙළවර වූ කල්හි අන් ජනක කර්මයකට අවකාශ ලැබේ.|maraṇayaṭa pæmiṇīmen ē bhavaya keḷavara vū kalhi an janaka karmayakaṭa avakāśa læbē.
sin_01_00054|මරණාසන්න කාලයේ දී ඉදිරිපත් වූ ජනක කර්මයකින් සත්ත්වයා නැවත සුගතියට හෝ දුර්ගතියට පමුණුවනු ලැබේ.|maraṇāsanna kālayē dī idiripat vū janaka karmayakin sattvayā nævata sugatiyaṭa hō durgatiyaṭa pamuṇuvanu læbē.
sin_01_00055|සාමාන්යයෙන් එකක් වූ ඒ අර්ථය හීනාර්ථයය, පරමාර්ථයයි දෙකොටසකට බෙදේ.|sāmānyayen ekak vū ē arthaya hīnārthayaya, paramārthayayi dekoṭasakaṭa bedē.
sin_01_00056|ඇතැම් වචනයක් ඇසුණු කල්හි එහි අර්ථය වශයෙන් සිතට දැනෙන දෙය ඉතා මහත් දෙයක් හැටියට දැනුණත් ඒ දැනුණු දෙය සත්යය වශයෙන් නැති දෙයක් විය හැකිය.|ætæm vacanayak æsuṇu kalhi ehi arthaya vaśayen sitaṭa dænena deya itā mahat deyak hæṭiyaṭa dænuṇat ē dænuṇu deya satyaya vaśayen næti deyak viya hækiya.
sin_01_00057|ඇතැම් වචනයක් ඇසුණු කල්හි එහි අර්ථය වශයෙන් දැනෙන දෙය ඉතා සියුම් අප්රකට දෙයක් වුවද එය සත්යය වශයෙන් ඇති දෙයක් විය හැකිය.|ætæm vacanayak æsuṇu kalhi ehi arthaya vaśayen dænena deya itā siyum aprakaṭa deyak vuvada eya satyaya vaśayen æti deyak viya hækiya.
sin_01_00058|'මේසය' යන වචනය ඇසුණු කල්හි එයින් විශාල වස්තුවක් සිතට දැනෙයි.|'mēsaya' yana vacanaya æsuṇu kalhi eyin viśāla vastuvak sitaṭa dæneyi.
sin_01_00059|එය වැඩිදුර විමසා බැලුවහොත් එහි කෙලින් තැබූ ලී කැබලි සතරක් ද, ඒවා එකිනෙකට සම්බන්ධ කිරීමට යෙදූ ලී කැබෙලි සතරක් ද, ඒවා මත අතුළ ලෑලි කැබලි කීපයක් ද, ඇණ ටිකක් ද, දැකිය හැකිය.|eya væḍidura vimasā bæluvahot ehi kelin tæbū lī kæbali satarak da, ēvā ekinekaṭa sambandha kirīmaṭa yedū lī kæbeli satarak da, ēvā mata atuḷa lǣli kæbali kīpayak da, æṇa ṭikak da, dækiya hækiya.
sin_01_00060|ඒවායින් එක් දෙයකුදු මේසය නො වේ, ඒ සියල්ල ද මේසය නොවේ.|ēvāyin ek deyakudu mēsaya no vē, ē siyalla da mēsaya novē.
sin_01_00061|ඒ සියල්ල මේසය නම්, ඒ සියල්ල මිටියක් බැඳ තැබූ කල්හි ද ඒ ලී මිටිය මේසයක් විය යුතුය.|ē siyalla mēsaya nam, ē siyalla miṭiyak bæṉda tæbū kalhi da ē lī miṭiya mēsayak viya yutuya.
sin_01_00062|එසේ නො වන්නේ ඒ සියල්ල මේසය නොවන බැවිනි.|esē no vannē ē siyalla mēsaya novana bævini.
sin_01_00063|ලී කැබෙලි ටික හැර මේසය කියා දෙයක් ද නැත.|lī kæbeli ṭika hæra mēsaya kiyā deyak da næta.
sin_01_00064|මේසය යන වචනය ඇසීමෙන් සිතට දැනුණු දෙය ලී කැබලි ටික ඒ ආකාරයෙන් එකිනෙකට සම්බන්ධ කළ කල්හි ඒ ලී කැබලිවල සම්බන්ධ වී තිබෙන ආකාරය අනුව ඇති සැටියට සිතට හැඟෙන සත්ය වශයෙන් නො ලැබෙන දෙයකි.|mēsaya yana vacanaya æsīmen sitaṭa dænuṇu deya lī kæbali ṭika ē ākārayen ekinekaṭa sambandha kaḷa kalhi ē lī kæbalivala sambandha vī tibena ākāraya anuva æti sæṭiyaṭa sitaṭa hæṉgena satya vaśayen no læbena deyaki.
sin_01_00065|අප භාවිත කරන වචනවලින් බොහෝවක් ම ඇසුණු කල්හි ඒවායින් සිතට දැනෙන අර්ථ, මේසය යන වචනයෙන් දැනෙන අර්ථය සේම සත්යය වශයෙන් නො ලැබෙන්නා වූ අර්ථයෝය.|apa bhāvita karana vacanavalin bohōvak ma æsuṇu kalhi ēvāyin sitaṭa dænena artha, mēsaya yana vacanayen dænena arthaya sēma satyaya vaśayen no læbennā vū arthayōya.
sin_01_00066|පුටුව, ගෙය, දවස, මාසය, උතුර, දකුණ, ගොනා, මිනිසා යන මේ වචනවල අර්ථ විමසා බලනු.|puṭuva, geya, davasa, māsaya, utura, dakuṇa, gonā, minisā yana mē vacanavala artha vimasā balanu.
sin_01_00067|ඇතැම් වචනයක් ඇසුණු කල්හි එයින් අසන්නහු ගේ සිතට හැඟෙන දෙය ඉතා අප්රකට දෙයක් වතුදු එය සත්ය වශයෙන් ඇතියක් විය හැකිය.|ætæm vacanayak æsuṇu kalhi eyin asannahu gē sitaṭa hæṉgena deya itā aprakaṭa deyak vatudu eya satya vaśayen ætiyak viya hækiya.
sin_01_00068|චිත්ත, ඵස්ස, වේදනා, ලෝභ, දෝස, මෝහ යනාදි වචනවලින් හැඟෙන්නා වූ අර්ථයෝ මේසාදිය සේ මහත්ව නො වැටහෙන ඒවා වුවද සත්යය වශයෙන් ඇත්තා වූ අර්ථයෝ ය.|citta, phassa, vēdanā, lōbha, dōsa, mōha yanādi vacanavalin hæṉgennā vū arthayō mēsādiya sē mahatva no væṭahena ēvā vuvada satyaya vaśayen ættā vū arthayō ya.
sin_01_00069|සත්යය වශයෙන් නැත්තා වූ අර්ථයය, සත්ය වශයෙන් ඇත්තා වූ අර්ථයය යන මේ දෙකින් සත්ය වශයෙන් නො ලැබෙන අර්ථයට වඩා සත්යය වශයෙන් ලැබෙන අර්ථය උසස්ය.|satyaya vaśayen nættā vū arthayaya, satya vaśayen ættā vū arthayaya yana mē dekin satya vaśayen no læbena arthayaṭa vaḍā satyaya vaśayen læbena arthaya usasya.
sin_01_00070|සත්ය වශයෙන් නො ලැබෙන අර්ථය පහත්ය.|satya vaśayen no læbena arthaya pahatya.
sin_01_00071|එබැවින් සත්යය වශයෙන් ලැබෙන අර්ථය පරමාර්ථ නම් වේ.|ebævin satyaya vaśayen læbena arthaya paramārtha nam vē.
sin_01_00072|සත්යය වශයෙන් නොලැබෙන අර්ථය හීනාර්ථ නම් වේ.|satyaya vaśayen nolæbena arthaya hīnārtha nam vē.
sin_01_00073|සිතින් දත හැකි සිතට දැනෙන දේවලට අරමුණු යයි කියති.|sitin data hæki sitaṭa dænena dēvalaṭa aramuṇu yayi kiyati.
sin_01_00074|ඒ අරමුණු පිළිබඳ දැනුම සිතය. එය ක්රියාවෙකි.|ē aramuṇu piḷibaṉda dænuma sitaya. eya kriyāveki.
sin_01_00075|එහෙත් කථා කිරීමේදී පහසුව පිණිස දැනීම කරන කර්තෘ කෙනකු සැටියට ද පුද්ගලයකු විසින් කරන දැන ගැනීමට උපකරණයක් වශයෙන් ද ගෙන සිත පිළිබඳව කථා කරනු ලැබේ|ehet kathā kirīmēdī pahasuva piṇisa dænīma karana kartṛ kenaku sæṭiyaṭa da pudgalayaku visin karana dæna gænīmaṭa upakaraṇayak vaśayen da gena sita piḷibaṉdava kathā karanu læbē
sin_01_00076|'සිතට සැම දෙය ම දැනේ ය' යි කියනුයේ සිත 'දැනීම' කරන කර්තෘ කෙනකු වශයෙන් ගැනීමෙනි.|'sitaṭa sæma deya ma dænē ya' yi kiyanuyē sita 'dænīma' karana kartṛ kenaku vaśayen gænīmeni.
sin_01_00077|'මිනිසා සිතින් දැන ගන්නේය' යි කියනුයේ සිත උපකරණයක් වශයෙන් ගැනීමෙනි.|'minisā sitin dæna gannēya' yi kiyanuyē sita upakaraṇayak vaśayen gænīmeni.
sin_01_00078|කීම කෙසේ කළත් සැම කල්හි ම සිත ක්රියාවක් වශයෙන් ම සැලකිය යුතු ය.|kīma kesē kaḷat sæma kalhi ma sita kriyāvak vaśayen ma sælakiya yutu ya.
sin_01_00079|අඳුරෙහි අතගාන්නා වූ කෙනකුට දැනෙනුයේ අතේ සැපුණ දෙයක් පමණකි. නො සැපුණු දෙයක් නො දැනේ.|aṉdurehi atagānnā vū kenakuṭa dænenuyē atē sæpuṇa deyak pamaṇaki. no sæpuṇu deyak no dænē.
sin_01_00080|එමෙන් සිතට දැනෙනුයේ ද සිතෙහි සැපුණු දෙයක් පමණෙකි.|emen sitaṭa dænenuyē da sitehi sæpuṇu deyak pamaṇeki.
sin_01_00081|කැපිය යුතු වස්තුවක් සම්බන්ධයෙන් නැතිව කැපීමක් නො විය හැකිවාක් මෙන් ද, කෑ යුතු දෙයක සම්බන්ධයක් නැතිව කෑමක් නොවිය හැකිවාක් මෙන් ද, ඇල්ලිය යුතු දෙයක් නැතිව ඇල්ලීමක් නොවිය හැකිවාක් මෙන් ද, දත යුතු දෙයක සම්බන්ධයෙන් තොරව දැනීමක් ද නො විය හැකිය.|kæpiya yutu vastuvak sambandhayen nætiva kæpīmak no viya hækivāk men da, kǣ yutu deyaka sambandhayak nætiva kǣmak noviya hækivāk men da, ælliya yutu deyak nætiva ællīmak noviya hækivāk men da, data yutu deyaka sambandhayen torava dænīmak da no viya hækiya.
sin_01_00082|දැනීමක් ඇතිවීමට සැම කල්හි ම දත යුතු දෙයක සම්බන්ධයක් තිබිය යුතු ය.|dænīmak ætivīmaṭa sæma kalhi ma data yutu deyaka sambandhayak tibiya yutu ya.
sin_01_00083|සිත සෑම කල්හි ම උපදිනුයේ දත යුතු දෙය හා ගැටී එය බදාගෙන ම ය.|sita sǣma kalhi ma upadinuyē data yutu deya hā gæṭī eya badāgena ma ya.
sin_01_00084|දත යුත්ත හා ගැටීම; දැනීම නමැති ප්රධාන ක්රියාව සිදු වීමෙහි දී එය හා බැඳී සිදු වන්නා වූ අන් ක්රියාවෙකි. අප්රධාන ක්රියාවක් වූ එය ස්පර්ශ චෛතසිකය ය.|data yutta hā gæṭīma; dænīma namæti pradhāna kriyāva sidu vīmehi dī eya hā bæṉdī sidu vannā vū an kriyāveki. apradhāna kriyāvak vū eya sparśa caitasikaya ya.
sin_01_00085|තමා අයත් දෙයක් අනෙකකුට අයිති වීම නො ඉවසන්නා වූ ද, තමා අයත් දෙයකින් අනෙකකුට ප්රයෝජනයක් වීම නො ඉවසන්නා වූ ද, තමාගේ සම්පත්තිය වැනි සම්පත්තියක් අනෙකකුට ඇති වීම නො ඉවසන්නා වූ ද, තමාගේ සම්පත්තිය අන්යයන් දැක ගැනීම නො ඉවසන්නා වූ ද ස්වභාවය මාත්සර්ය්යය යි.|tamā ayat deyak anekakuṭa ayiti vīma no ivasannā vū da, tamā ayat deyakin anekakuṭa prayōjanayak vīma no ivasannā vū da, tamāgē sampattiya væni sampattiyak anekakuṭa æti vīma no ivasannā vū da, tamāgē sampattiya anyayan dæka gænīma no ivasannā vū da svabhāvaya mātsaryyaya yi.
sin_01_00086|අධික මසුරු බව ඇත්තේ තමාට ප්රයෝජනයක් නැති නිසා අත් හළ දෙයක් වුව ද අනෙකකු විසින් ගැනීම නො ඉවසයි.|adhika masuru bava ættē tamāṭa prayōjanayak næti nisā at haḷa deyak vuva da anekaku visin gænīma no ivasayi.
sin_01_00087|තමා අයත් දෙයක් දීම ගැන කියනු කිම? ඇතමෙක් තමන් සතු දෙයක් දීම තබා අනෙකකු ගේ දීම පවා නො ඉවසති.|tamā ayat deyak dīma gæna kiyanu kima? ætamek taman satu deyak dīma tabā anekaku gē dīma pavā no ivasati.
sin_01_00088|දෙන අන්යයන්ට ද ගර්හා කෙරෙති.|dena anyayanṭa da garhā kereti.
sin_01_00089|අනුන් ගේ දීම පවා නො ඉවසන ඒ තද මසුරු බවට කදරියතාවය යි කියනු ලැබේ.|anun gē dīma pavā no ivasana ē tada masuru bavaṭa kadariyatāvaya yi kiyanu læbē.
sin_01_00090|ඇති වීමට හේතු වන වස්තූන් ගේ වශයෙන් ආවාස මච්ඡරිය, කුලමච්ඡරිය, ලාභමච්ඡරිය, වණ්ණමච්ඡරියය, ධම්මමච්ඡරියය යි මාත්සර්ය්ය පසක් ධම්මසංගණියේ දක්වා තිබේ.|æti vīmaṭa hētu vana vastūn gē vaśayen āvāsa macchariya, kulamacchariya, lābhamacchariya, vaṇṇamacchariyaya, dhammamacchariyaya yi mātsaryya pasak dhammasaṁgaṇiyē dakvā tibē.
sin_01_00091|ඒ පඤ්චප්රකාර මාත්සර්ය්යයන් අතුරෙන් ආවාස මච්ඡරියෙන් මසුරුකම් කළවුන් ආවාසවල කුණු කසළ හිස මත තබා හැසිරෙන යක්ෂයන් ප්රේතයන් වන බව ද, කුලමච්ඡරියෙන් ලේ වමනය ලේ අතීසාර හටගන්නා බව ද, ලාභමච්ඡරියෙන් යක්ෂයන් ප්රේතයන් පිඹුරන් වන බව ද, අත්ථසාලිනී අටුවාවෙහි දක්වා තිබේ.|ē pañcaprakāra mātsaryyayan aturen āvāsa macchariyen masurukam kaḷavun āvāsavala kuṇu kasaḷa hisa mata tabā hæsirena yakşayan prētayan vana bava da, kulamacchariyen lē vamanaya lē atīsāra haṭagannā bava da, lābhamacchariyen yakşayan prētayan pimburan vana bava da, atthasālinī aṭuvāvehi dakvā tibē.
sin_01_00092|තවද ආවාස මච්ඡරියෙන් නරකයෙහි උපදනා බව ද, කුලමච්ඡරියෙන් අල්ප ලාභී වන බව ද, ලාභමච්ඡරියෙන් ගූථ නරකයෙහි උපදනා බව ද, වණ්ණ මච්ඡරියෙන් උපදින උපදින ජාතිවල විරූප වන බව ද, ධම්මමච්ඡරියෙන් කුක්කුල නරකයෙහි උඵදනා බව ද එහි ම දක්වා ඇත්තේ ය.|tavada āvāsa macchariyen narakayehi upadanā bava da, kulamacchariyen alpa lābhī vana bava da, lābhamacchariyen gūtha narakayehi upadanā bava da, vaṇṇa macchariyen upadina upadina jātivala virūpa vana bava da, dhammamacchariyen kukkula narakayehi uphadanā bava da ehi ma dakvā ættē ya.
sin_01_00093|චිත්තය හෙවත් සිත යනු පරමාර්ථ වශයෙන් හා අපරමාර්ථ වශයෙන් ද ඇත්තා වූ අනේක ප්රකාරාර්ථයන් පිළිබඳ වූ දැනීම ය, 'චේත, මන, විඤ්ඤාණ, හදය, මානස,' යන මේවා ද චිත්තය ම දක්වන පාළි වචනයෝ ය.|cittaya hevat sita yanu paramārtha vaśayen hā aparamārtha vaśayen da ættā vū anēka prakārārthayan piḷibaṉda vū dænīma ya, 'cēta, mana, viññāṇa, hadaya, mānasa,' yana mēvā da cittaya ma dakvana pāḷi vacanayō ya.
sin_01_00094|ඇසය, කනය, නාසයය, දිවය, කයය, හෘදයය යන මේ ස්ථානයන්හි සිත පහළ වේ.|æsaya, kanaya, nāsayaya, divaya, kayaya, hṛdayaya yana mē sthānayanhi sita pahaḷa vē.
sin_01_00095|එය ක්රියාවක් වුවද ව්යවහාර පහසුව පිණිස දැනීම කරන කර්තෘ ශක්තිය ඇති ද්රව්යයක් සේ ද කරණ ශක්තිය ඇති ද්රව්යයක් සේ ද ව්යවහාර කරනු ලැබේ.|eya kriyāvak vuvada vyavahāra pahasuva piṇisa dænīma karana kartṛ śaktiya æti dravyayak sē da karaṇa śaktiya æti dravyayak sē da vyavahāra karanu læbē.
sin_01_00096|දැකීමය, පෙනීමය, ඇසීමය යනාදි වශයෙන් ඒ ඒ ආකාරයෙන් උපදනා සිත් හැඳින්වීමට පාවිච්චි කරන වචන ව්යවහාර භාෂාවේ බොහෝ ගණනකි.|dækīmaya, penīmaya, æsīmaya yanādi vaśayen ē ē ākārayen upadanā sit hæṉdinvīmaṭa pāvicci karana vacana vyavahāra bhāşāvē bohō gaṇanaki.
sin_01_00097|ඇසෙහි රූපයක් ගැටුණු කල්හි එය පිළිබඳ දැනුමක් හෙවත් සිතක් පහළ වේ.|æsehi rūpayak gæṭuṇu kalhi eya piḷibaṉda dænumak hevat sitak pahaḷa vē.
sin_01_00098|එය ප්රකාශ කිරීමේ දී දැනීමය යන වචනය ව්යවහාර නො කොට පෙනීමය දැකීමය යන වචන ව්යවහාර කරති.|eya prakāśa kirīmē dī dænīmaya yana vacanaya vyavahāra no koṭa penīmaya dækīmaya yana vacana vyavahāra karati.
sin_01_00099|ඇසට හමුවීමෙන් යමක් දත් කල්හි පෙනුණේය කියා හෝ දුටුයේය කියා හෝ කියති.|æsaṭa hamuvīmen yamak dat kalhi penuṇēya kiyā hō duṭuyēya kiyā hō kiyati.
sin_01_00100|වචනය අනෙකක් වුවද එයින් හඟවන්නේ දැනීම මය, හෙවත් සිත ම ය.|vacanaya anekak vuvada eyin haṉgavannē dænīma maya, hevat sita ma ya.
sin_01_00101|කනෙහි ශබ්දයක් ගැටුණු කල්හි, ඒ හඬ දැන ගන්නා සිතක් උපදී.|kanehi śabdayak gæṭuṇu kalhi, ē haṇḍa dæna gannā sitak upadī.
sin_01_00102|එයට හඬ දැනුම ය යි නො කියා ඇසීමය යි කියනු ලැබේ.|eyaṭa haṇḍa dænuma ya yi no kiyā æsīmaya yi kiyanu læbē.
sin_01_00103|ඇසීම යන වචනයෙන් දැක්වෙන්නේ හඬ දන්නා වූ සිතය.|æsīma yana vacanayen dækvennē haṇḍa dannā vū sitaya.
sin_01_00104|නාසයට දුඟඳක් පිවිසි කල්හි සමහර විට ගඳක් දැනේය යි කියති.|nāsayaṭa duṉgaṉdak pivisi kalhi samahara viṭa gaṉdak dænēya yi kiyati.
sin_01_00105|සමහර විට දැනීමය යන වචනය නො ගෙන ගඳයයි ම කියති.|samahara viṭa dænīmaya yana vacanaya no gena gaṉdayayi ma kiyati.
sin_01_00106|එබඳු අවස්ථාවලදී 'ගඳය' යන වචනයෙන් හඟවන්නේ ද ගඳ දැන ගන්නා සිත ම ය|ebaṉdu avasthāvaladī 'gaṉdaya' yana vacanayen haṉgavannē da gaṉda dæna gannā sita ma ya
sin_01_00107|රසයක් මුඛයට පැමිණි කල්හි ද සමහර විට රසක් දැනේයයි කියති.|rasayak mukhayaṭa pæmiṇi kalhi da samahara viṭa rasak dænēyayi kiyati.
sin_01_00108|සමහර විට එසේ නො කියා තිත්තය ඇඹුල්ය යනාදීන් රසයේ නම ම කියති.|samahara viṭa esē no kiyā tittaya æmbulya yanādīn rasayē nama ma kiyati.
sin_01_00109|එබඳු අවස්ථාවල දී රසයේ නමින් පවසන්නේ ද ඒ රසය දන්නා සිත ම ය.|ebaṉdu avasthāvala dī rasayē namin pavasannē da ē rasaya dannā sita ma ya.
sin_01_00110|ශරීරයෙහි යම් කිසිවක් සැපුණු කල්හි සමහර විට සැපෙන බව දැනේය යි කියති.|śarīrayehi yam kisivak sæpuṇu kalhi samahara viṭa sæpena bava dænēya yi kiyati.
sin_01_00111|සමහර විට එසේ නො කියා සැපීමෙන් වන ඵලය හඟවන රිදීමය, ශීතලය, උෂ්ණය යන වචන කියති|samahara viṭa esē no kiyā sæpīmen vana phalaya haṉgavana ridīmaya, śītalaya, uşṇaya yana vacana kiyati
sin_01_00112|එබඳු අවස්ථාවල දී ඒ වචනවලින් කියැවෙන්නේ ද ස්ප්රෂ්ටව්යය දන්නා සිතය.|ebaṉdu avasthāvala dī ē vacanavalin kiyævennē da spraşṭavyaya dannā sitaya.
sin_01_00113|පඤ්චප්රසාද සම්බන්ධයක් නැතිව සිතක් ඇති වූ කල්හි සමහර විට සිතුණේය යි කියති.|pañcaprasāda sambandhayak nætiva sitak æti vū kalhi samahara viṭa situṇēya yi kiyati.
sin_01_00114|සමහර විට දැනුණේය, කල්පනා වුණේය, ඕනෑ වුනේය, වැටහුණේ ය, තේරුණේය, හැඟුණේය යනාදි වචන කියති.|samahara viṭa dænuṇēya, kalpanā vuṇēya, ōnǣ vunēya, væṭahuṇē ya, tēruṇēya, hæṉguṇēya yanādi vacana kiyati.
sin_01_00115|ඒ සියල්ලෙන් ම කියැවෙන්නේ සිත ම ය.|ē siyallen ma kiyævennē sita ma ya.
sin_01_00116|කරුණු මෙසේ හෙයින් දැකීමය, පෙනීමය, ඇසීමය, ගඳය, සුවඳය, තිත්තය, කසටය, ශීතය, උෂ්ණය, කල්පනාවය, ඕනෑකමය යනාදි වචනවලින් දැක්වෙන්නා වූ අර්ථය චිත්තපරමාර්ථය යි දත යුතුය.|karuṇu mesē heyin dækīmaya, penīmaya, æsīmaya, gaṉdaya, suvaṉdaya, tittaya, kasaṭaya, śītaya, uşṇaya, kalpanāvaya, ōnǣkamaya yanādi vacanavalin dækvennā vū arthaya cittaparamārthaya yi data yutuya.
sin_01_00117|මේ වචනයන් අතුරෙන් ඇතැමකින් අධිකාර්ථ ද කියැවේ.|mē vacanayan aturen ætæmakin adhikārtha da kiyævē.
sin_01_00118|නිවැරදිව ම සිතා ගැනීමට අධිකාර්ථ හළ යුතුය.|niværadiva ma sitā gænīmaṭa adhikārtha haḷa yutuya.
sin_01_00119|සද්ධාවය, සතියය, හිරියය, ඔත්තප්පයය, අලෝභයය, අදෝසයය, තත්රමජ්ඣත්තතාවය, කායපස්සද්ධියය, චිත්තපස්සද්ධියය, කායලහුතාවය, චිත්තලහුතාවය, කාය මුදුතාවය, චිත්තමුදුතාවය, කායකම්මඤ්ඤතාවය, චිත්තකම්මඤ්ඤතාවය, කායපාගුඤ්ඤතාවය, චිත්ත පාගුඤ්ඤතාවය, කායුජ්ජුකතාවය, චිත්තුජ්ජුකතාවය|saddhāvaya, satiyaya, hiriyaya, ottappayaya, alōbhayaya, adōsayaya, tatramajjhattatāvaya, kāyapassaddhiyaya, cittapassaddhiyaya, kāyalahutāvaya, cittalahutāvaya, kāya mudutāvaya, cittamudutāvaya, kāyakammaññatāvaya, cittakammaññatāvaya, kāyapāguññatāvaya, citta pāguññatāvaya, kāyujjukatāvaya, cittujjukatāvaya
sin_01_00120|ඇදහිය යුතු වූ බුද්ධාදි වස්තූන් කෙරෙහි පැහැදීම, බුද්ධාදි වස්තූන් කෙරෙහි විශ්වාසය ශ්රද්ධාව ය.|ædahiya yutu vū buddhādi vastūn kerehi pæhædīma, buddhādi vastūn kerehi viśvāsaya śraddhāva ya.
sin_01_00121|පැහැදීමය යනු පිළිගන්නා ස්වභාවය ය.|pæhædīmaya yanu piḷigannā svabhāvaya ya.
sin_01_00122|ශුද්ධ ජලයෙහි සමීපයේ පිහිටි වස්තූන්ගේ ඡායා පෙනේ.|śuddha jalayehi samīpayē pihiṭi vastūngē chāyā penē.
sin_01_00123|වස්තූන් ගේ ඡායා පිළිගන්නා ස්වභාවයක් හෙවත් ඡායාවන්ට ප්රවේශ වීමට ඉඩ දෙන ස්වබාවයක් ශුද්ධ ජලයෙහි ඇත්තේ ය.|vastūn gē chāyā piḷigannā svabhāvayak hevat chāyāvanṭa pravēśa vīmaṭa iḍa dena svabāvayak śuddha jalayehi ættē ya.
sin_01_00124|එය ජලයා ගේ පැහැදීම ය.|eya jalayā gē pæhædīma ya.
sin_01_00125|එසේ ම බුද්ධාදීන් පිළිගන්නා ස්වභාවයක් බුද්ධාදීන් ගේ ගුණයන්ට පිවිසෙන්නට ඉඩ දෙන ස්වභාවයක් සිත්හි ඇත්තේ ය.|esē ma buddhādīn piḷigannā svabhāvayak buddhādīn gē guṇayanṭa pivisennaṭa iḍa dena svabhāvayak sithi ættē ya.
sin_01_00126|විශ්වාසය යි කියනුයේ ද ඒ පැහැදීමට ය|viśvāsaya yi kiyanuyē da ē pæhædīmaṭa ya
sin_01_00127|සක්විති රජුගේ උදක ප්රසාදක මාණික්යය බොර දියේ ලූ කල්හි එම මඩ සෙවෙල් ආදිය ගිලා බැස ජලය පෑදෙන්නාක් මෙන් ශ්රද්ධාව උපන් කල්හි සිතේ බොර ගතිය වූ කුශලයට බාධක වූ අකුශලයට හිත වූ නීවරණ ධර්මයෝ නූපදීම් වශයෙන් සිතින් පහ වෙති.|sakviti rajugē udaka prasādaka māṇikyaya bora diyē lū kalhi ema maḍa sevel ādiya gilā bæsa jalaya pǣdennāk men śraddhāva upan kalhi sitē bora gatiya vū kuśalayaṭa bādhaka vū akuśalayaṭa hita vū nīvaraṇa dharmayō nūpadīm vaśayen sitin paha veti.
sin_01_00128|ඒ හේතුවෙන් පැකිළීමක් නැති ව ශ්රද්ධාව ඇතියහුට දන් දිය හැකි වේ.|ē hētuven pækiḷīmak næti va śraddhāva ætiyahuṭa dan diya hæki vē.
sin_01_00129|සිල් රැකිය හැකි වේ, භාවනා කළ හැකි වේ, තවත් පින් කම් කළ හැකි වේ.|sil rækiya hæki vē, bhāvanā kaḷa hæki vē, tavat pin kam kaḷa hæki vē.
sin_01_00130|පුණ්ය ක්රියා විෂයෙහි ඉදිරියෙන් ගමන් කරන බව ද ශ්රද්ධාවේ ලක්ෂණයකි.|puṇya kriyā vişayehi idiriyen gaman karana bava da śraddhāvē lakşaṇayaki.
sin_01_00131|නපුරු සතුන්ගෙන් ගහන ගංගාවක දෙපසෙහි රැස්ව එතෙර වීමට බියෙන් සිටින ජන සමූහයා වෙතට පැමිණ තමා පළමුවෙන් ගඟට බැස අන්යයන් කැඳවා ගෙන ඉදිරියෙන් යමින් අන්යයන් ගඟින් එතෙර කරවන්නා වූ වීර පුරුෂයෙක් වේ නම් ශ්රද්ධාව ඔහු වැනිය.|napuru satungen gahana gaṁgāvaka depasehi ræsva etera vīmaṭa biyen siṭina jana samūhayā vetaṭa pæmiṇa tamā paḷamuven gaṉgaṭa bæsa anyayan kæṉdavā gena idiriyen yamin anyayan gaṉgin etera karavannā vū vīra puruşayek vē nam śraddhāva ohu væniya.
sin_01_00132|කුශල ක්රියා විෂයෙහි ශ්රද්ධාව ඉදිරිපත් වන කල්හි සම්ප්රයුක්ත ධර්මයෝ එයට අනුකූලව තම තමා අයත් ක්රියාවෙහි යෙදෙති.|kuśala kriyā vişayehi śraddhāva idiripat vana kalhi samprayukta dharmayō eyaṭa anukūlava tama tamā ayat kriyāvehi yedeti.
sin_01_00133|තමාට අනුකූල කරවා ගැනීම් වශයෙන් සම්ප්රයුක්ත ධර්මයන් කෙරෙහි අධිපතිකම කරන බැවින් ශ්රද්ධාව ඉන්ද්රියයෙකි.|tamāṭa anukūla karavā gænīm vaśayen samprayukta dharmayan kerehi adhipatikama karana bævin śraddhāva indriyayeki.
sin_01_00134|ප්රතිපක්ෂ ධර්මයන් විසින් නො සෙල්විය හැකි බැවින් බලයෙකි.|pratipakşa dharmayan visin no selviya hæki bævin balayeki.
sin_01_00135|එය කුශලයන් ගන්නා වූ ස්වභාවයෙන් අතක් වැනි ය|eya kuśalayan gannā vū svabhāvayen atak væni ya
sin_01_00136|සකල සම්පත් ලබා දෙන්නා වූ ස්වභාවයෙන් ධනයක් වැනිය.|sakala sampat labā dennā vū svabhāvayen dhanayak væniya.
sin_01_00137|නිර්වාණ සංඛ්යාත ඵලය ලැබිය හැකි වන ස්වභාවයෙන් බීජයක් වැනිය.|nirvāṇa saṁkhyāta phalaya læbiya hæki vana svabhāvayen bījayak væniya.
sin_01_00138|වෙසක් මස පුර තුදුස්වක් විය|vesak masa pura tudusvak viya
sin_01_00139|එ දින රාත්රියෙහි නිද්රෝපගත වූ බෝධිසත්ත්ව රාජර්ෂීන් වහන්සේ එළි වීගෙන එන වේලෙහි පහත සඳහන් සීන පස දුටු සේක.|e dina rātriyehi nidrōpagata vū bōdhisattva rājarşīn vahansē eḷi vīgena ena vēlehi pahata saṉdahan sīna pasa duṭu sēka.
sin_01_00140|මහ පොළොව යහනෙක් වී ය, හිමාලය පර්වතය කොට්ටය විය.|maha poḷova yahanek vī ya, himālaya parvataya koṭṭaya viya.
sin_01_00141|එහි උඩුකුරු වැ නිදන බෝසතාණන්ගේ දකුණත අවර සයුරෙහි ද, වමත පෙර සයුරෙහි ද, පා දකුණු සයුරෙහි ද බැහුණා හ.' මේ උන් වහන්සේ දුටු පළමු සීනය යි.|ehi uḍukuru væ nidana bōsatāṇangē dakuṇata avara sayurehi da, vamata pera sayurehi da, pā dakuṇu sayurehi da bæhuṇā ha.' mē un vahansē duṭu paḷamu sīnaya yi.
sin_01_00142|(මෙය උන් වහන්සේ ලොවුතුරා බුදුවන බවට පෙර නිමිත්ත ය.)|(meya un vahansē lovuturā buduvana bavaṭa pera nimitta ya.)
sin_01_00143|දෙවෙන සීනය|devena sīnaya
sin_01_00144|'උන් වහන්සේ ගේ නාභියෙන් රතු ඊතන ගසෙක් ඉතා උසට නැගී අහසැ පැතිර සිටියේ ය.' (මේ ස්වප්නය උන් වහන්සේ ආර්ය අෂ්ටාංගික මාර්ගය ප්රතිවේධ කොට ලොවට ප්රකාශ කරන බවට පෙර නිමිත්ත ය.)|'un vahansē gē nābhiyen ratu ītana gasek itā usaṭa nægī ahasæ pætira siṭiyē ya.' (mē svapnaya un vahansē ārya aşṭāṁgika mārgaya prativēdha koṭa lovaṭa prakāśa karana bavaṭa pera nimitta ya.)
sin_01_00145|'කළු හිස් ඇති සුදු පණුවෝ පා මුලින් නැගී දණ ඉස දක්වා වසා ගත්හ.' (මෙය බොහෝ ගිහියන් උන් වහන්සේ ගේ උපාසකයන් වන බවට පෙර නිමිත්ත ය.)|'kaḷu his æti sudu paṇuvō pā mulin nægī daṇa isa dakvā vasā gatha.' (meya bohō gihiyan un vahansē gē upāsakayan vana bavaṭa pera nimitta ya.)
sin_01_00146|සිවු වන සීනය|sivu vana sīnaya
sin_01_00147|'නානා වර්ණ ලිහිණියෝ සිවුදෙනෙක් සතර දෙසින් පියාඹා අවුත් උන් වහන්සේ ගේ පා මුලැ හොත්තෝ වහා සුදු පැහැ වූහ'.|'nānā varṇa lihiṇiyō sivudenek satara desin piyāmbā avut un vahansē gē pā mulæ hottō vahā sudu pæhæ vūha'.
sin_01_00148|(මෙය සිවු කුලයන් හි ම ජනයා සස්නෙහි පැවිදි වැ පිරිසිදු වැ නිවන් පැමිණෙන බවට පෙර නිමිත්ත ය.)|(meya sivu kulayan hi ma janayā sasnehi pævidi væ pirisidu væ nivan pæmiṇena bavaṭa pera nimitta ya.)
sin_01_00149|'උන් වහන්සේ මහත් අශූචි පර්වතයක් මතුයෙහි ඒ අශූචි යෙන් නො තැවරී සක්මන් කළ සේක.' (මෙය සිවුපස බොහෝ සේ ලැබෙතත් එහි නො ඇලෙන බවට පෙර නිමිත්ත ය.)|'un vahansē mahat aśūci parvatayak matuyehi ē aśūci yen no tævarī sakman kaḷa sēka.' (meya sivupasa bohō sē læbetat ehi no ælena bavaṭa pera nimitta ya.)
sin_01_00150|අජපල් නුගරුක් කරා යාම|ajapal nugaruk karā yāma
sin_01_00151|'මහා පුරුෂයාණන් වහන්සේ මෙකී ස්වප්න පස දැක, තුමූ ම ඒ විසඳා බලා, තමන් 'බුදු වන බව නිසැක' යි දැනැ, පසු දා උදය ම සිරුරු පිළිදැගුම් කොට, ගොස් අජපල් නුග රුක් මුල භික්ෂාචාර වේලාව තෙක් පෙර දිගට මුහුණ ලා වැඩ උන් සේක.|'mahā puruşayāṇan vahansē mekī svapna pasa dæka, tumū ma ē visaṉdā balā, taman 'budu vana bava nisæka' yi dænæ, pasu dā udaya ma siruru piḷidægum koṭa, gos ajapal nuga ruk mula bhikşācāra vēlāva tek pera digaṭa muhuṇa lā væḍa un sēka.
sin_01_00152|මෙසේ අපරාධ වැඩී ගෙන යන විට මහජනයා ගේ ආරක්ෂාව පිණිස පාලකයකු පත් කැරැ ගැන්ම අවශ්ය වි ය.|mesē aparādha væḍī gena yana viṭa mahajanayā gē ārakşāva piṇisa pālakayaku pat kæræ gænma avaśya vi ya.
sin_01_00153|මිනිස්සු එක්රැස් වැ මහා සභාවක් පැවැත්වූ හ.|minissu ekræs væ mahā sabhāvak pævætvū ha.
sin_01_00154|පවත්නා තත්ත්වය ගැන සාකච්ඡා කොට සමානච්ඡන්දයෙන් සුදුස්සකු පාලක ධූරයට පත් කරන්නට තීන්දු කැරැ ගත්හ.|pavatnā tattvaya gæna sākacchā koṭa samānacchandayen sudussaku pālaka dhūrayaṭa pat karannaṭa tīndu kæræ gatha.
sin_01_00155|ඔවුන් අතුරෙහි වූ ආරෝහ පරිණාහ සම්පන්න, පෙනුමෙන් ශෝභන වූ එහෙත් තෙදවන් ශුරවීර පුරුෂයකු තෝරා ගෙන ඔහු තමන්ගේ පාලකයා කැරැ ගත්හ.|ovun aturehi vū ārōha pariṇāha sampanna, penumen śōbhana vū ehet tedavan śuravīra puruşayaku tōrā gena ohu tamangē pālakayā kæræ gatha.
sin_01_00156|හැම දෙනා ගේ සම්මතියෙන් පත් කැරැණු බැවින් හේ මහාසම්මත නම් විය.|hæma denā gē sammatiyen pat kæræṇu bævin hē mahāsammata nam viya.
sin_01_00157|දාන, ප්රිය වචන, අර්ථචර්යා, සමානාත්මතා යන සතර සංග්රහ වස්තුයෙන් ජනරංජනය කරන බැවින් රාජ නම් ද විය.|dāna, priya vacana, arthacaryā, samānātmatā yana satara saṁgraha vastuyen janaraṁjanaya karana bævin rāja nam da viya.
sin_01_00158|මේ ලොව ඇති වූ පළමු මහරජු ය.|mē lova æti vū paḷamu maharaju ya.
sin_01_00159|මෙකී මහාසම්මත රජුහු ඇවෑමෙන් ඔහු පුත් රෝජ නම් කුමර රජ විය.|mekī mahāsammata rajuhu ævǣmen ohu put rōja nam kumara raja viya.
sin_01_00160|ඔහුගේ පරපුරෙහි පිළිවෙළින් වරරෝජ, කල්යාණ, වර කල්යාණ, උපෝසථ, මන්ධාතු, චර, උපචර, චේතිය, මූචල, මුචලින්ද, සගර, සාගර, භරථ, භගීරථ, රුචි, සුරුචි, ප්රතාප, මහාප්රතාප, ප්රණාද, මහා ප්රණාද, සුදර්ශන, මහාසුදර්ශන, නේරු, මහානේරු, අච්චිමන්තු යන රජුහු රජය කැරැවූහ.|ohugē parapurehi piḷiveḷin vararōja, kalyāṇa, vara kalyāṇa, upōsatha, mandhātu, cara, upacara, cētiya, mūcala, mucalinda, sagara, sāgara, bharatha, bhagīratha, ruci, suruci, pratāpa, mahāpratāpa, praṇāda, mahā praṇāda, sudarśana, mahāsudarśana, nēru, mahānēru, accimantu yana rajuhu rajaya kærævūha.
sin_01_00161|ඔවුන්ගෙන් සමහරු කුශාවතී නුවර ද සමහරු රාජගෘහ නුවර ද, සමහරු මිථිලා නුවර ද, රාජධානිකොට ගෙන ජනතාව පාලනය කළහ.|ovungen samaharu kuśāvatī nuvara da samaharu rājagṛha nuvara da, samaharu mithilā nuvara da, rājadhānikoṭa gena janatāva pālanaya kaḷaha.
sin_01_00162|අච්චිමන්තු රජු ගේ පරපුරෙහි සමහරු මිථිලා නුවර ද, බොහෝ දෙනෙක් බාරාණසී (බරණැස්) නුවර ද, සමහරු අයෝධ්යා ආදි කලින් කලැ නැංවුණ නගර ද රාජධානි කැරැගත්හ.|accimantu raju gē parapurehi samaharu mithilā nuvara da, bohō denek bārāṇasī (baraṇæs) nuvara da, samaharu ayōdhyā ādi kalin kalæ næṁvuṇa nagara da rājadhāni kærægatha.
sin_01_00163|ජනගහනය වැඩි වත් ම පොළොවේ නොයෙක් අතට විහිද පැතිරී ගිය ජනතාව සමග ම මේ රජ පරපුරේ පාලකයෝ ද වෙන වෙන පෙදෙස් පාලනය කරන රජුන් වශයෙන් බෙදී ගියහ.|janagahanaya væḍi vat ma poḷovē noyek ataṭa vihida pætirī giya janatāva samaga ma mē raja parapurē pālakayō da vena vena pedes pālanaya karana rajun vaśayen bedī giyaha.
sin_01_00164|අකුසල කර්මවල අසෝභන විපාකත් කුසල කර්ම වල සෝභන විපාකත් මේ කථාවෙන් ද මනාවට පෙන්නුම් කරයි.|akusala karmavala asōbhana vipākat kusala karma vala sōbhana vipākat mē kathāven da manāvaṭa pennum karayi.
sin_01_00165|සත්පුරුෂ පින්වතුනි, පෙර ඈත අතීතයේ කාශ්යප බුදුන් ගේ පිරිනිවීමෙන් පසු බුදුරජුන් ගේ ඒකඝණ ධාතු නිදන් කොට යොදුනක් උසට චෛත්යයක් කරන සමයේදී මහ රහතන් වහන්සේ නමක් චෛත්යයට රත්ත්රං සම්මාදම් කරමින් එක් රන්කරුවකු ගේ නිවසට වැඩි සේක.|satpuruşa pinvatuni, pera ǣta atītayē kāśyapa budun gē pirinivīmen pasu budurajun gē ēkaghaṇa dhātu nidan koṭa yodunak usaṭa caityayak karana samayēdī maha rahatan vahansē namak caityayaṭa rattraṁ sammādam karamin ek rankaruvaku gē nivasaṭa væḍi sēka.
sin_01_00166|එවිට රන්කරු තම භාර්යාව සමඟ කලහ කරමින් සිටි බැවින් තෙරුන් වහන්සේ ඔබලාගේ චෛත්යයෙහි වැඩ නිමවීම සඳහා රන් නො පෙනෙනා බව මතක් කල විට භාර්යාව සමඟ තිබුණු කෝපයෙන් 'නුඹ වහන්සේ ගේ ශාස්තෘන් වහන්සේ ජලයේ දමා යන්නැ යි' කීවේ ය.|eviṭa rankaru tama bhāryāva samaṉga kalaha karamin siṭi bævin terun vahansē obalāgē caityayehi væḍa nimavīma saṉdahā ran no penenā bava matak kala viṭa bhāryāva samaṉga tibuṇu kōpayen 'numba vahansē gē śāstṛn vahansē jalayē damā yannæ yi' kīvē ya.
sin_01_00167|ඒ මොහොතේ තම භාර්යාව කෙරෙහි කෝප වුනි නම් මට නො බැන බුදුරජාණන් වහන්සේලාට වෛර කිරීම (දොස්කීම) වැරදි බව කී විට රන්කරු සංවේගයට පත්වී තෙරුන් වහන්සේගෙන් සමාව ඉල්ලී ය.|ē mohotē tama bhāryāva kerehi kōpa vuni nam maṭa no bæna budurajāṇan vahansēlāṭa vaira kirīma (doskīma) væradi bava kī viṭa rankaru saṁvēgayaṭa patvī terun vahansēgen samāva illī ya.
sin_01_00168|බුදුරජුන්ගෙන් එයට සමාව ගන්න කී විට කුමක් කොට සමාව ගත යුතු දැයි අසා, රනින් මල් පොකුරු තුනක් කොට චෛත්යයේ නිදන්කොට තෙත් වූ කෙස් ඇතිව සමාව ගත යුතු බව මතක් කොට උන්වහන්සේ වැඩි සේක.|budurajungen eyaṭa samāva ganna kī viṭa kumak koṭa samāva gata yutu dæyi asā, ranin mal pokuru tunak koṭa caityayē nidankoṭa tet vū kes ætiva samāva gata yutu bava matak koṭa unvahansē væḍi sēka.
sin_01_00169|පසුව රන්කරු රනින් මල් සාදමින් තමාගේ පුතුන් දෙදෙනාගෙන් වැඩිමහලු පුතාට ඒ සඳහා උදව්වට කතා කල නමුත් ඔහුගෙන් ලැබුනේ 'ඔබ කළ වරද ඔබම බලා ගන්න' කියා ය.|pasuva rankaru ranin mal sādamin tamāgē putun dedenāgen væḍimahalu putāṭa ē saṉdahā udavvaṭa katā kala namut ohugen læbunē 'oba kaḷa varada obama balā ganna' kiyā ya.
sin_01_00170|දෙවැනි පුතාත් කැඳවා කී නමුත් යහපත් ප්රතිචාරයක් නො වීය. ඔහු ද පෙර සේම කීවේ ය.|devæni putāt kæṉdavā kī namut yahapat praticārayak no vīya. ohu da pera sēma kīvē ya.
sin_01_00171|මව්පියන්ට ආදරය ඇති තුන්වන පුතාට මතක්කල පමණින් පිළිගෙන 'මව්පියන්ට උපන් කෘත්ය දරුවන්ට බාරයි නේද' සිතා පියාට සහය වී දෙදෙනා සමඟ මල් පොකුරු තුනක් සාදා ධාතු නිධානයේ නිදන්කොට සමාකර ගත්තේ ය.|mavpiyanṭa ādaraya æti tunvana putāṭa matakkala pamaṇin piḷigena 'mavpiyanṭa upan kṛtya daruvanṭa bārayi nēda' sitā piyāṭa sahaya vī dedenā samaṉga mal pokuru tunak sādā dhātu nidhānayē nidankoṭa samākara gattē ya.
sin_01_00172|පහන් පූජාවේ ආනිසංස|pahan pūjāvē ānisaṁsa
sin_01_00173|පඤ්චදීපිකා තෙරණින් වහන්සේ පෙර බුදු සසුනක කළුවර රැයක බෝධින් වහන්සේට පහන් පහක් පිදූ පිනෙන් අසූ වාරයක් දෙව්ලොවට අධිපති සක් දෙවිඳු ගේ බිරිඳ වී උපන්නා ය.|pañcadīpikā teraṇin vahansē pera budu sasunaka kaḷuvara ræyaka bōdhin vahansēṭa pahan pahak pidū pinen asū vārayak devlovaṭa adhipati sak deviṉdu gē biriṉda vī upannā ya.
sin_01_00174|දහස් ගණන් සක්විති රජ දරුවන්ට අග මෙහෙසිය වුණා ය.|dahas gaṇan sakviti raja daruvanṭa aga mehesiya vuṇā ya.
sin_01_00175|අප බුදුසසුනේදී සත් අවුරුදු වියේදී නිවන් දැකීමටද ඒ පින උපනිශ්රය වී ඇත.|apa budusasunēdī sat avurudu viyēdī nivan dækīmaṭada ē pina upaniśraya vī æta.
sin_01_00176|(නව වන ථේරී අපදානය)|(nava vana thērī apadānaya)
sin_01_00177|සකුලා තෙරණිය කාශ්යප බුදුරජුන් පිරිනිවීමෙන් පසු උන්වහන්සේ ගේ චෛත්යයට එක් රැයක් එක් පහනක් පුදා පහත සඳහන් ආනිසංස ලැබුණු බව ථේරි අපදානේ දක්වා ඇත්තේ ය.|sakulā teraṇiya kāśyapa budurajun pirinivīmen pasu unvahansē gē caityayaṭa ek ræyak ek pahanak pudā pahata saṉdahan ānisaṁsa læbuṇu bava thēri apadānē dakvā ættē ya.
sin_01_00178|සෑම තැනම තමාට ප්රදීප දැල් වේ.|sǣma tænama tamāṭa pradīpa dæl vē.
sin_01_00179|දිවැස් ලැබේ.|divæs læbē.
sin_01_00180|තීක්ෂණ නුවණ ලැබේ.|tīkşaṇa nuvaṇa læbē.
sin_01_00181|යසසින් දිලිසෙත්.|yasasin diliset.
sin_01_00182|ශ්රද්ධාව හා ප්රඥාව මනාව පිහිටත්.|śraddhāva hā pragnāva manāva pihiṭat.
sin_01_00183|උසස් කුල සම්පත් ඇත්තෙකු වේ.|usas kula sampat ætteku vē.
sin_01_00184|ඒකදීපිය හිමි සිද්ධාර්ථ බුදුරජුන් ගේ චිතකයට එක් පහනක් පුදා එක් තිස් වරක් සක් දෙවිඳු විය.|ēkadīpiya himi siddhārtha budurajun gē citakayaṭa ek pahanak pudā ek tis varak sak deviṉdu viya.
sin_01_00185|විසි අට වතාවක් සක්විති රජ බව ද ලැබුවා.|visi aṭa vatāvak sakviti raja bava da læbuvā.
sin_01_00186|තව විශේෂ අනුසස් දෙකක් ද ලැබුවා.|tava viśēşa anusas dekak da læbuvā.
sin_01_00187|විෂම ස්ථාන වලට යන විට සමවෙන්නා හ.|vişama sthāna valaṭa yana viṭa samavennā ha.
sin_01_00188|විනිවිද පෙනෙන දෙනෙත් ඇත්තෙක් විය.|vinivida penena denet ættek viya.
sin_01_00189|පාත්ර ආධාර හිමි පෙර සිඛී බුදු හිමිට පාත්ර ආධාරයක් පුදා සමන්තවරණ නම් සක්විති රජ විය.|pātra ādhāra himi pera sikhī budu himiṭa pātra ādhārayak pudā samantavaraṇa nam sakviti raja viya.
sin_01_00190|ඛුජ්ජුත්තරාව මහා ධර්ම කථික උවැසියක් වුණේ ද පෙර පසේ බුදුන්ට තම අතේ දාගෙන සිටි වළලු අට ගලවා පාත්ර ආධාර ලෙස පිදූ පින හේතුවෙනි.|khujjuttarāva mahā dharma kathika uvæsiyak vuṇē da pera pasē budunṭa tama atē dāgena siṭi vaḷalu aṭa galavā pātra ādhāra lesa pidū pina hētuveni.
sin_01_00191|පාත්රය නො වැටී දරා සිටීමට මෙය උපකාර වුණා වගේ ම ඇයට ද ධර්මය දරා සිටීමේ ශක්තිය ඇති විය.|pātraya no væṭī darā siṭīmaṭa meya upakāra vuṇā vagē ma æyaṭa da dharmaya darā siṭīmē śaktiya æti viya.
sin_01_00192|(මනෝරථ පූරණි අටුවාව දෙසිය තිස් අට පිටුව)|(manōratha pūraṇi aṭuvāva desiya tis aṭa piṭuva)
sin_01_00193|පිළින්දිවච්ඡ හිමිට පාත්ර ආධාර පුදා අනුසස් පහක් ලැබුණි.|piḷindivaccha himiṭa pātra ādhāra pudā anusas pahak læbuṇi.
sin_01_00194|කිසිවකින් කම්පා නො වන සිතක් ලැබේ.|kisivakin kampā no vana sitak læbē.
sin_01_00195|මනාව සිහිය පිහිටත්.|manāva sihiya pihiṭat.
sin_01_00196|ධර්මය දරා ගැනීමට නුවණ ලැබේ.|dharmaya darā gænīmaṭa nuvaṇa læbē.
sin_01_00197|දරාගත් ධර්මය අමතක නො වෙත්.|darāgat dharmaya amataka no vet.
sin_01_00198|මනාව ධර්මය නිශ්චිත ලෙස වැටහෙනු ලැබේ.|manāva dharmaya niścita lesa væṭahenu læbē.
sin_01_00199|එයට හේතුව නම් ඉහත කී සිවුරු පිදීම පිණ්ඩපාත දාන සෙනසුන් ඉදිකිරීම් ආදී පුණ්ය කර්ම කරනුයේ ධර්මය අසා දැන ගත් බැවිනි.|eyaṭa hētuva nam ihata kī sivuru pidīma piṇḍapāta dāna senasun idikirīm ādī puṇya karma karanuyē dharmaya asā dæna gat bævini.
sin_01_00200|ධර්මය දැන කියා ගැනීමට නො ලැබුණි නම් කැඳ සරලුවකුදු බත් හැන්දකුදු නො දෙන බව ධර්මයේ පෙන්වා ඇත.|dharmaya dæna kiyā gænīmaṭa no læbuṇi nam kæṉda saraluvakudu bat hændakudu no dena bava dharmayē penvā æta.
sin_01_00201|මේ කරුණින්ද ධර්ම දානමය පිංකම ම සියලු දන් පරදවන බව දත යුතු ය.|mē karuṇinda dharma dānamaya piṁkama ma siyalu dan paradavana bava data yutu ya.
sin_01_00202|තව ද රහත් බෝධියෙන් නිවන් දුටු පිරිස අතර අගතැම්පත් සැරියුත් ස්වාමින් වහන්සේට කල්පයක් මුළුල්ලෙහි වසින වර්ෂාවේ දියබිඳු ප්රමාණය කීමට තරම් මහා නුවණක් ඇත්තේ ය.|tava da rahat bōdhiyen nivan duṭu pirisa atara agatæmpat særiyut svāmin vahansēṭa kalpayak muḷullehi vasina varşāvē diyabiṉdu pramāṇaya kīmaṭa taram mahā nuvaṇak ættē ya.
sin_01_00203|මේ තරම් නුවණක් ඇති සැරියුත් හිමිට ද බණ පදයක් දැන ගැනීමට නො ලැබුණි නම් නිවන් දැකීමට නො හැකි වන්නේ ය.|mē taram nuvaṇak æti særiyut himiṭa da baṇa padayak dæna gænīmaṭa no læbuṇi nam nivan dækīmaṭa no hæki vannē ya.
sin_01_00204|මේ හේතුවෙන් ධර්ම දාන ම ය පින ම සියලු දාන ම ය පිංකම් වලට වඩා ශ්රේෂ්ඨ වන බව අග්ර වන බව තථාගත සම්මා සම්බුදුරජාණන් වහන්සේ සක් දෙවිඳුට වදාරන්නට යෙදුනේ ය.|mē hētuven dharma dāna ma ya pina ma siyalu dāna ma ya piṁkam valaṭa vaḍā śrēşṭha vana bava agra vana bava tathāgata sammā sambudurajāṇan vahansē sak deviṉduṭa vadārannaṭa yedunē ya.
sin_01_00205|මරණින් පසු නැවත උපතක් නැත, පින් පව් කියා දෙයක් නැත, පින් වලවත් පව් වලවත් විපාකයන් සිදුවෙන්නේ නැත, දිව්ය ලෝක, බ්රහ්ම ලෝක නැත, නිවන කියා දෙයක් තිබිය නො හැක යනාදී ආකාරයෙන් වරදවා දැකීම නැතහොත් වරදවා පිළිගැනීම මිථ්යා දෘෂ්ටිය ලෙස හඳුන්වනවා.|maraṇin pasu nævata upatak næta, pin pav kiyā deyak næta, pin valavat pav valavat vipākayan siduvennē næta, divya lōka, brahma lōka næta, nivana kiyā deyak tibiya no hæka yanādī ākārayen varadavā dækīma nætahot varadavā piḷigænīma mithyā dṛşṭiya lesa haṉdunvanavā.
sin_01_00206|ගන්නා වූ ආකාරය වැරදි වීම.|gannā vū ākāraya væradi vīma.
sin_01_00207|එයම සත්යය යි තීරණය කර ගැනීම.|eyama satyaya yi tīraṇaya kara gænīma.
sin_01_00208|කරුණු දෙකෙන් මෙම අකුසලය සිදුවේ.|karuṇu deken mema akusalaya siduvē.
sin_01_00209|දස අකුසල කර්මයන්ගෙන් බලවත් ම අකුසල කර්මය වනුයේ මිත්ය දෘෂ්ටිය වන අතර සෙසු සියළු අකුසල් මේ නිසා සිදු වේ.|dasa akusala karmayangen balavat ma akusala karmaya vanuyē mitya dṛşṭiya vana atara sesu siyaḷu akusal mē nisā sidu vē.
sin_01_00210|මිථ්යා දෘෂ්ටි බොහෝ සංඛ්යාවක් පැවතුණ ද ඒවායින් බරපතල ම අකුසල් සිදුවෙන්නේ නාස්තික දෘෂ්ටිය, අහේතුක දෘෂ්ටිය සහ අක්රිය දෘෂ්ටිය යන තුනෙන් ය.|mithyā dṛşṭi bohō saṁkhyāvak pævatuṇa da ēvāyin barapatala ma akusal siduvennē nāstika dṛşṭiya, ahētuka dṛşṭiya saha akriya dṛşṭiya yana tunen ya.
sin_01_00211|සම්බුදු දහමේ කර්මය යනු චේතනාව වේ.|sambudu dahamē karmaya yanu cētanāva vē.
sin_01_00212|ඒ බව මෙසේ දැක්වේ|ē bava mesē dækvē
sin_01_00213|'චේතනාහං භික්ඛවේ කම්මං වදාමි' මහණෙනි මම චේතනාව කර්මය යැ යි වදාරමි කියා ය.|'cētanāhaṁ bhikkhavē kammaṁ vadāmi' mahaṇeni mama cētanāva karmaya yæ yi vadārami kiyā ya.
sin_01_00214|මේ අනුව සිතන චේතනාව අනුව සිදුකරන කර්මය ද යහපත් හෝ අයහපත් විය හැකි ය.|mē anuva sitana cētanāva anuva sidukarana karmaya da yahapat hō ayahapat viya hæki ya.
sin_01_00215|ඒ අනුව ත්රිවිධ පුණ්ය ක්රියා, දස කුසල ධර්ම, දස පාරමී ධර්ම, සමසතලිස් කර්මස්ථාන ආදී පින් කටයුතු යහපත් කර්ම ගණයට ද, පස්පව්, දස අකුසල්, අධර්ම වෙළදාම් ආදිය අයහපත් කර්ම සංඛ්යාවට ද වැටෙනු ලැබේ.|ē anuva trividha puṇya kriyā, dasa kusala dharma, dasa pāramī dharma, samasatalis karmasthāna ādī pin kaṭayutu yahapat karma gaṇayaṭa da, paspav, dasa akusal, adharma veḷadām ādiya ayahapat karma saṁkhyāvaṭa da væṭenu læbē.
sin_01_00216|එසේ ම යහපත් කර්ම හේතුවෙන් සැප දායක සැනසුම් ඵලවන යහපත් විපාක ද, අයහපත් කර්ම හේතුවෙන් දෙනෙත් කඳුලින් තෙත් කරවන දුක් විපාක ද ගෙන දෙනු ලැබේ.|esē ma yahapat karma hētuven sæpa dāyaka sænasum phalavana yahapat vipāka da, ayahapat karma hētuven denet kaṉdulin tet karavana duk vipāka da gena denu læbē.
sin_01_00217|යහපත් කර්ම වලට ගෙන දෙන සැප විපාක ආනිසංස නමින් ද දක්වා ඇත.|yahapat karma valaṭa gena dena sæpa vipāka ānisaṁsa namin da dakvā æta.
sin_01_00218|යහපත් කර්මයන් ගේ දායාදය ද එය ම වේ.|yahapat karmayan gē dāyādaya da eya ma vē.
sin_01_00219|කුසල අකුසල කර්ම වලට විපාක ගෙන දෙන අවස්ථා හතරක් ධර්මයෙ හි සදහන් වේ.|kusala akusala karma valaṭa vipāka gena dena avasthā hatarak dharmaye hi sadahan vē.
sin_01_00220|එක, දිට්ඨධම්මවේදනීය|eka, diṭṭhadhammavēdanīya
sin_01_00221|දෙක, උපපජ්ජවේදනීය|deka, upapajjavēdanīya
sin_01_00222|තුන, අපරාපරියවේදනීය|tuna, aparāpariyavēdanīya
sin_01_00223|හතර, අහෝසි කර්ම කියා ය.|hatara, ahōsi karma kiyā ya.
sin_01_00224|තමන් කරන හොඳ හෝ නරක කර්ම වල කොටසකට මෙලොව විපාක ලැබේ (එම අවස්ථාවේ පහළ වූ චිත්ත වීථියෙහි පළමු ජවනයේ ශක්තියෙනි).|taman karana hoṉda hō naraka karma vala koṭasakaṭa melova vipāka læbē (ema avasthāvē pahaḷa vū citta vīthiyehi paḷamu javanayē śaktiyeni).
sin_01_00225|නිදර්ශන ලෙස පුණ්ණ නම් දුගියා, චිංචිමානවිකාව, සුප්පබුද්ධ රජු ආදි අය දැක්විය හැක.|nidarśana lesa puṇṇa nam dugiyā, ciṁcimānavikāva, suppabuddha raju ādi aya dækviya hæka.
sin_01_00226|මේවා දිට්ඨධම්මවේදනීය විපාක යැයි කෙටියෙන් දත යුතු ය.|mēvā diṭṭhadhammavēdanīya vipāka yæyi keṭiyen data yutu ya.
sin_01_00227|මා විසින් මෙසේ අසන ලදී: එක් සමයෙක්හි භාග්යවතුන් වහන්සේ පන්සියක් පමණ වූ මහත් බික්සඟන සමඟ රජගහනුවරටත් නාලන්දා නුවරටත් අතරෙහි දීර්ඝමාර්ගයට පිළිපන්සේක් වෙති.|mā visin mesē asana ladī: ek samayekhi bhāgyavatun vahansē pansiyak pamaṇa vū mahat biksaṉgana samaṉga rajagahanuvaraṭat nālandā nuvaraṭat atarehi dīrghamārgayaṭa piḷipansēk veti.
sin_01_00228|සුප්පිය නම් පිරිවැජියාත් බඹදත් නම් තරුණ අතැවැස්සා සමඟ රජගහ නුවරටත් නාලන්දා නුවරටත් අතරැ වූ දික් මඟට පිළිපන්නේ වේ.|suppiya nam pirivæjiyāt bambadat nam taruṇa atævæssā samaṉga rajagaha nuvaraṭat nālandā nuvaraṭat ataræ vū dik maṉgaṭa piḷipannē vē.
sin_01_00229|එහි දී සුප්පිය පිරිවැජි නොයෙක් කරුණින් බුදුරජාණන් වහන්සේට දොස් කියයි, ධර්මයට දොස් කියයි, සංඝයාට දොස් කියයි.|ehi dī suppiya pirivæji noyek karuṇin budurajāṇan vahansēṭa dos kiyayi, dharmayaṭa dos kiyayi, saṁghayāṭa dos kiyayi.
sin_01_00230|එහෙත් ඔහුගේ අතැවැසි තරුණ බඹදත් තෙමේ නොයෙක් කරුණින් බුදුරජාණන් වහන්සේ පසසයි, ධර්මය පසසයි, සංඝයා පසසයි.|ehet ohugē atævæsi taruṇa bambadat temē noyek karuṇin budurajāṇan vahansē pasasayi, dharmaya pasasayi, saṁghayā pasasayi.
sin_01_00231|මෙසේ ඒ ඇදුරු අතැවැසි දෙදෙන එකෙක් අනෙකාට ඉඳුරා ම විරුද්ධවාද ඇත්තෝ භාග්යවතුන් වහන්සේත් බික්සඟපිරිසත් අනුව ගියෝ වෙත්.|mesē ē æduru atævæsi dedena ekek anekāṭa iṉdurā ma viruddhavāda ættō bhāgyavatun vahansēt biksaṉgapirisat anuva giyō vet.
sin_01_00232|ඉක්බිති භාග්යවතුන් වහන්සේ අම්බලට්ඨිකා උයනෙහි රාජාගාරයෙහි (රජ ගෙහි) බික්සඟන සමඟ එක් රැයක් නවාතැනට එළැඹිසේක.|ikbiti bhāgyavatun vahansē ambalaṭṭhikā uyanehi rājāgārayehi (raja gehi) biksaṉgana samaṉga ek ræyak navātænaṭa eḷæmbisēka.
sin_01_00233|බඹදත් නම් තරුණ අතැවැස්සා හා සුප්පිය පිරිවැජ්ජාත් එක් රැයක් විසීමට එහි ම එළැඹියේ ය.|bambadat nam taruṇa atævæssā hā suppiya pirivæjjāt ek ræyak visīmaṭa ehi ma eḷæmbiyē ya.
sin_01_00234|එහි දී ද සුප්පියපිරිවැජ්ජා නොයෙක් කරුණින් බුදු රජාණන් වහන්සේට නින්දා කෙරෙයි, ධර්මයට නින්දා කෙරෙයි, සංඝයාට නින්දා කෙරෙයි.|ehi dī da suppiyapirivæjjā noyek karuṇin budu rajāṇan vahansēṭa nindā kereyi, dharmayaṭa nindā kereyi, saṁghayāṭa nindā kereyi.
sin_01_00235|ඔහුගේ අතැවැසි තරුණ බඹදතා නොයෙක් කරුණින් බුදුගුණ කියයි, දහම්ගුණ කියයි, සඟගුණ කියයි.|ohugē atævæsi taruṇa bambadatā noyek karuṇin buduguṇa kiyayi, dahamguṇa kiyayi, saṉgaguṇa kiyayi.
sin_01_00236|මෙසේ ඒ ඇදුරු අතැවැසි දෙදෙනා එකෙක් අනෙකාට ඉඳුරා ම විරුද්ධවාද ඇත්තෝ වැ වෙසෙත්.|mesē ē æduru atævæsi dedenā ekek anekāṭa iṉdurā ma viruddhavāda ættō væ veset.
sin_01_00237|'මහණෙනි, අනුන් මාගේ හෝ ධර්මයේ හෝ සංඝයාගේ හෝ ගුණ කියතොත්, එහි තොප විසින් ප්රීතිය නො ඉපදැවිය යුතු ය.|'mahaṇeni, anun māgē hō dharmayē hō saṁghayāgē hō guṇa kiyatot, ehi topa visin prītiya no ipadæviya yutu ya.
sin_01_00238|සොම්නස නො කළ යුතු ය.|somnasa no kaḷa yutu ya.
sin_01_00239|සිතෙහි ප්රීතියෙන් ඉල්පුණුබව නො කළ යුතු ය.|sitehi prītiyen ilpuṇubava no kaḷa yutu ya.
sin_01_00240|මහණෙනි, අනුන් මාගේ හෝ ගුණ කියතොත්, ධර්මයේ හෝ ගුණ කියතොත්, සංඝයාගේ හෝ ගුණ කියතොත්, එහි තෙපි ප්රීති වන්නහු නම්, සතුටු වන්නහු නම්, තොපට ම එයින් අන්තරාය වේ.|mahaṇeni, anun māgē hō guṇa kiyatot, dharmayē hō guṇa kiyatot, saṁghayāgē hō guṇa kiyatot, ehi tepi prīti vannahu nam, satuṭu vannahu nam, topaṭa ma eyin antarāya vē.
sin_01_00241|(තොපගේ ම ධ්යානාදීගුණලාභයට එය බාධක වේ.)|(topagē ma dhyānādīguṇalābhayaṭa eya bādhaka vē.)
sin_01_00242|මහණෙනි, අනුන් මාගේ හෝ ධර්මයේ හෝ සඞ්ඝයාගේ හෝ ගුණ කියතොත්, එහි තොප විසින් 'මේ කරුණිනුත් මෙය ඇත්ත ය.|mahaṇeni, anun māgē hō dharmayē hō saṅghayāgē hō guṇa kiyatot, ehi topa visin 'mē karuṇinut meya ætta ya.
sin_01_00243|මේ කරුණිනුත් මෙය එසේ ම ඇති එකෙක.|mē karuṇinut meya esē ma æti ekeka.
sin_01_00244|මෙය අප කෙරෙහි ඇත්තේ වේ.|meya apa kerehi ættē vē.
sin_01_00245|මෙය අප තුළ විද්යාමාන ම යැ' යි ඇතිගුණ ඇතිගුණ වශයෙන් පිළින කට යුතු යි.|meya apa tuḷa vidyāmāna ma yæ' yi ætiguṇa ætiguṇa vaśayen piḷina kaṭa yutu yi.
sin_01_00246|මහණෙනි, තථාගතයන්ගේ ගුණ කියන පුහුදුන් තෙමේ යමෙකින් (ඔවුන් වහන්සේ කෙරෙහි වූ යම් ගුණයක් කරණ කොට ගෙන) කියන්නේ නම්, ඔහු කියන ඒ ගුණය අල්පමාත්ර එකෙක.|mahaṇeni, tathāgatayangē guṇa kiyana puhudun temē yamekin (ovun vahansē kerehi vū yam guṇayak karaṇa koṭa gena) kiyannē nam, ohu kiyana ē guṇaya alpamātra ekeka.
sin_01_00247|ස්වල්පමාත්ර එකෙක.|svalpamātra ekeka.
sin_01_00248|ආචාරශීලගුණ පමණක් ම වූ මඳ දැයෙක.|ācāraśīlaguṇa pamaṇak ma vū maṉda dæyeka.
sin_01_00249|මහණෙනි, තථාගතයන්ගේ ගුණ කියන පුහුදුන් තෙමේ යමෙකින් කියන්නේ නම්, ඔහු කියන ඒ අල්පමාත්ර වූ ස්වල්පමාත්ර වූ ශීලමාත්ර වූ ගුණය කවරේ ද? යත්:-|mahaṇeni, tathāgatayangē guṇa kiyana puhudun temē yamekin kiyannē nam, ohu kiyana ē alpamātra vū svalpamātra vū śīlamātra vū guṇaya kavarē da? yat:-
sin_01_00250|'ශ්රමණගෞතම තෙමේ පණිවා හැර දමා, පණිවායෙන් වැළැක්කේ ය.|'śramaṇagautama temē paṇivā hæra damā, paṇivāyen væḷækkē ya.
sin_01_00251|බහා තැබූ දඬුමුඟුරු ඇත්තේ ය.|bahā tæbū daṇḍumuṉguru ættē ya.
sin_01_00252|(දඬු මුගුරු නො දරන්නේ ය)|(daṇḍu muguru no darannē ya)
sin_01_00253|බහා තැබූ ආයුධ ඇත්තේ ය (ආයුධ නො දරන්නේ ය)|bahā tæbū āyudha ættē ya (āyudha no darannē ya)
sin_01_00254|පවට පිළිකුල් කරන්නේ ය.|pavaṭa piḷikul karannē ya.
sin_01_00255|මෛත්රියට පැමිණියේ ය (මෛත්රියෙන් යුක්තය)|maitriyaṭa pæmiṇiyē ya (maitriyen yuktaya)
sin_01_00256|සියලු සතුන් කෙරෙහි හිතානුකම්පා ඇති ව වෙසේ යැ' යි මෙසේ හෝ මහණෙනි, තථාගතයන්ගේ ගුණ කියන පුහුදුන් තෙමේ කියන්නේ ය.|siyalu satun kerehi hitānukampā æti va vesē yæ' yi mesē hō mahaṇeni, tathāgatayangē guṇa kiyana puhudun temē kiyannē ya.
sin_01_00257|'ශ්රමණගෞතම තෙමේ අයිනාදන් හැර දමා අයිනාදනින් වැළකුණේ ය.|'śramaṇagautama temē ayinādan hæra damā ayinādanin væḷakuṇē ya.
sin_01_00258|දුන් දැය ම පිළිගන්නාසුලු ය.|dun dæya ma piḷigannāsulu ya.
sin_01_00259|දුන් දැය ම සිතිනුත් කැමැති වැ ඉවසන සුලු ය.|dun dæya ma sitinut kæmæti væ ivasana sulu ya.
sin_01_00260|නොසොර වූ පිරිසිදුසිතින් යුතු වැ වෙසේ යැ' යි මෙසේ හෝ මහණෙනි, තථාගතයන්ගේ ගුණ කියන පුහුදුන් තෙමේ කියන්නේ ය.|nosora vū pirisidusitin yutu væ vesē yæ' yi mesē hō mahaṇeni, tathāgatayangē guṇa kiyana puhudun temē kiyannē ya.
sin_01_00261|'ශ්රමණගෞතම තෙමේ අබ්රම්සර දුරු කොට බඹසර හැසිරෙන්නේ ය.|'śramaṇagautama temē abramsara duru koṭa bambasara hæsirennē ya.
sin_01_00262|ගැමි දහමක් වූ මෙවුන්දමින් දුරු වැ හැසිරෙන්නේ එයින් වැළැක්කේ යැ' යි මහණෙනි, මෙසේ හෝ තථාගතයන්ගේ ගුණ කියන පුහුදුන් තෙමේ කියන්නේ ය.|gæmi dahamak vū mevundamin duru væ hæsirennē eyin væḷækkē yæ' yi mahaṇeni, mesē hō tathāgatayangē guṇa kiyana puhudun temē kiyannē ya.
sin_01_00263|'ශ්රමණගෞතම තෙමේ බොරු කීම දුරැලා, බොරු කීමෙන් වැළැක්කේ ය.|'śramaṇagautama temē boru kīma durælā, boru kīmen væḷækkē ya.
sin_01_00264|ඇත්ත කියන්නේ ය.|ætta kiyannē ya.
sin_01_00265|ඇත්තෙන් ඇත්ත ගළපා කියන්නේ ය.|ætten ætta gaḷapā kiyannē ya.
sin_01_00266|තහවුරු වැ පිහිටි කථා ඇත්තේ ය.|tahavuru væ pihiṭi kathā ættē ya.
sin_01_00267|ඇදැහිය යුතු කථා ඇත්තේ ය.|ædæhiya yutu kathā ættē ya.
sin_01_00268|ලොව නො රවටන්නෙකැ' යි මහණෙනි, මෙසේ හෝ තථාගතයන්ගේ ගුණ කියන පුහුදුන් තෙමේ කියන්නේ ය.|lova no ravaṭannekæ' yi mahaṇeni, mesē hō tathāgatayangē guṇa kiyana puhudun temē kiyannē ya.
sin_01_00269|'යම් සේ සමහර පින්වත් මහණබමුණෝ ගිහියන් සැදැහැයෙන් දුන් බොජුන් වළඳා, නැටුම් ගැයුම් වැයුම්,|'yam sē samahara pinvat mahaṇabamuṇō gihiyan sædæhæyen dun bojun vaḷaṉdā, næṭum gæyum væyum,
sin_01_00270|නටසමජ්ජා (නළුවන් සමූහයක් එක් වැ ජනසමූහයා ඉදිරියෙහි දක්වන නැටුම්),|naṭasamajjā (naḷuvan samūhayak ek væ janasamūhayā idiriyehi dakvana næṭum),
sin_01_00271|ආඛ්යාන (මහාභාරත රාමායණාදී කථා කීම හෝ ඇසීම්),|ākhyāna (mahābhārata rāmāyaṇādī kathā kīma hō æsīm),
sin_01_00272|පාණිස්වර (අතින් ලොහොබෙර ගැසීම් හෝ අත්තල ගැසීම්),|pāṇisvara (atin lohobera gæsīm hō attala gæsīm),
sin_01_00273|වේතාල (ලීමුවා තාලම්පට ගැසීම් හෝ මතුරු දපා මලසිරුරු නැගිටුවීම්),|vētāla (līmuvā tālampaṭa gæsīm hō maturu dapā malasiruru nægiṭuvīm),
sin_01_00274|කුම්භථූන (සිවුරස් බෙර වැයීම්), ශෝභනක (රංගබලිකරණය හෙවත් රඟමඬලෙහි දී දේවතාවනට ස්තෝත්රවශයෙන් නාන්දීගීත ගායනය නොහොත් ප්රතිභානචිත්ර කිරීම්),|kumbhathūna (sivuras bera væyīm), śōbhanaka (raṁgabalikaraṇaya hevat raṉgamaṇḍalehi dī dēvatāvanaṭa stōtravaśayen nāndīgīta gāyanaya nohot pratibhānacitra kirīm),
sin_01_00275|සණදොවුන් කෙළිය(හෝ අයෝගුඩ ක්රිඩාව), උණගස් ඔසොවා ගෙන කැරෙන ක්රිඩාව,|saṇadovun keḷiya(hō ayōguḍa kriḍāva), uṇagas osovā gena kærena kriḍāva,
sin_01_00276|අස්ථිධාවනය (මළවුන්ගේ ඇට සුවඳ කවා තබා නකත්සෙමෙහි ඊ වටා සිට උත්සව කැරුම), ඇත් යුද (ඇතුන් පිට නැග යුද කැරුම), අස් යුද (අසුන් නැග යුද කැරුම),|asthidhāvanaya (maḷavungē æṭa suvaṉda kavā tabā nakatsemehi ī vaṭā siṭa utsava kæruma), æt yuda (ætun piṭa næga yuda kæruma), as yuda (asun næga yuda kæruma),
sin_01_00277|ඇත්පොර, අස්පොර, මියුපොර, ගොන්පොර, එළුපොර, බැටෙළුපොර, කුකුළුපොර, වටුපොර, පොලුහරඹ, මිටුයුද, මල්ලපොර, යුද පවත්නා තැන් දක්නට යාම,|ætpora, aspora, miyupora, gonpora, eḷupora, bæṭeḷupora, kukuḷupora, vaṭupora, poluharamba, miṭuyuda, mallapora, yuda pavatnā tæn daknaṭa yāma,
sin_01_00278|බලසෙන් ගණින තැන් දක්නට යෑම, බලසෙන් බෙදන තැනට යෑම, අත්ඇනි අස්ඇනිඈ බලඇනි දක්නට යෑම යන විසුළුදස්නෙහි යෙදී වෙසෙත් ද,|balasen gaṇina tæn daknaṭa yǣma, balasen bedana tænaṭa yǣma, atæni asæniǣ balaæni daknaṭa yǣma yana visuḷudasnehi yedī veset da,
sin_01_00279|මහණගොයුම් තෙමේ මේ ආදී වූ හෝ මේ බඳු වූ විසුළුදස්නෙන් වැළැක්කේ යැ' යි, මහණෙනි, මෙසේ හෝ තාථාගතයන්ගේ ගුණ කියන පුහුදුන් තෙමේ කියන්නේ ය.|mahaṇagoyum temē mē ādī vū hō mē baṉdu vū visuḷudasnen væḷækkē yæ' yi, mahaṇeni, mesē hō tāthāgatayangē guṇa kiyana puhudun temē kiyannē ya.
sin_01_00280|මහණෙනි, මෙහි කිසි මහණෙක් හෝ බමුණෙක් හෝ වීර්යය ප්රත්යය කොට ගෙන (වැර වඩා),|mahaṇeni, mehi kisi mahaṇek hō bamuṇek hō vīryaya pratyaya koṭa gena (væra vaḍā),
sin_01_00281|උත්සාහය ප්රත්යය කොට ගෙන (උත්සාහ වඩා),|utsāhaya pratyaya koṭa gena (utsāha vaḍā),
sin_01_00282|යලි යලි වීර්ය්යයෙහි යෙදීමට පැමිණ (පුන පුනා වැර වඩා),|yali yali vīryyayehi yedīmaṭa pæmiṇa (puna punā væra vaḍā),
sin_01_00283|නොපමා බවට පැමිණ (එළඹැ සිටිය සිහිය නිසා), නුවණ නිසා,|nopamā bavaṭa pæmiṇa (eḷambæ siṭiya sihiya nisā), nuvaṇa nisā,
sin_01_00284|යම් සමාධියෙකින් සිත මනා වැ පිහිටි කල්හි අනේකවිධ වූ පෙරැ වුසු කඳ පිළිවෙළ සිහි කෙරේ ද, එසේ වූ චිත්තසමාධියක් ලබයි.|yam samādhiyekin sita manā væ pihiṭi kalhi anēkavidha vū peræ vusu kaṉda piḷiveḷa sihi kerē da, esē vū cittasamādhiyak labayi.
sin_01_00285|ඒ මෙසේ යි: 'අසෝ තැනැ වීමි, එහි මෙ නම් ඇතියෙම් වීමි, මෙ නම් ගෝත්ර ඇතියෙම් වීමි,|ē mesē yi: 'asō tænæ vīmi, ehi me nam ætiyem vīmi, me nam gōtra ætiyem vīmi,
sin_01_00286|මෙබඳු පැහැ ඇතියෙම් වීමි, මේබඳු ආහාර ඇතියෙම් වීමි, මේ බඳු සුව දුක් විඳින්නෙම් වීමි, මෙ තෙක් වයස් සීමාවක් ඇතියෙම් වීමී, ඒ මම එයින් සැව අසෝ තැන උපනිමි,|mebaṉdu pæhæ ætiyem vīmi, mēbaṉdu āhāra ætiyem vīmi, mē baṉdu suva duk viṉdinnem vīmi, me tek vayas sīmāvak ætiyem vīmī, ē mama eyin sæva asō tæna upanimi,
sin_01_00287|එහි ද මෙ නම් ඇතියෙම් වීමි, මෙ නම් ගෝත්ර ඇතියෙම් වීමි, මෙබඳු පැහැ ඇතියෙම් වීමි,|ehi da me nam ætiyem vīmi, me nam gōtra ætiyem vīmi, mebaṉdu pæhæ ætiyem vīmi,
sin_01_00288|මේබඳු ආහාර ඇතියෙම් වීමි, මෙබඳු සුව දුක් විඳින්නනෙම් වීමි, මෙතෙක් ආයු සීමාවක් ඇතියෙම් වීමි, ඒ මම් එයින් සැව මෙහි උපනිමි' යි.|mēbaṉdu āhāra ætiyem vīmi, mebaṉdu suva duk viṉdinnanem vīmi, metek āyu sīmāvak ætiyem vīmi, ē mam eyin sæva mehi upanimi' yi.
sin_01_00289|මෙසේ එක් ජාතියක් ද, ජාති දෙකක් ද, ජාති තුනක් ද, ජාති සතරක් ද, ජාති පසක් ද, ජාති දශයක් ද,|mesē ek jātiyak da, jāti dekak da, jāti tunak da, jāti satarak da, jāti pasak da, jāti daśayak da,
sin_01_00290|ජාති විස්සක් ද, ජාති තිසක් ද, ජාති සතළිසක් ද, ජාති පනසක් ද, ජාති සියයක් ද, ජාති දහසක් ද,|jāti vissak da, jāti tisak da, jāti sataḷisak da, jāti panasak da, jāti siyayak da, jāti dahasak da,
sin_01_00291|ජාති සියදහසක් ද, නොයෙක් සිය ගණන් ජාතීන් ද, නොයෙක් දහස් ගණන් ජාතීන් ද, නොයෙක් සියදහස් ගණන් ජාතීන් ද,|jāti siyadahasak da, noyek siya gaṇan jātīn da, noyek dahas gaṇan jātīn da, noyek siyadahas gaṇan jātīn da,
sin_01_00292|මෙසේ පැහැ සටහන් ආදී ආකාර සහිත කොට, නාමගෝත්ර වශයෙන් උද්දේශ සහිත කොට නොයෙක් වැදෑරුම් පෙරැ වූසූ කඳ පිළිවෙළ සිහි කෙරෙයි.|mesē pæhæ saṭahan ādī ākāra sahita koṭa, nāmagōtra vaśayen uddēśa sahita koṭa noyek vædǣrum peræ vūsū kaṉda piḷiveḷa sihi kereyi.
sin_01_00293|මහණෙනි, දික් කලක් ඇවෑමෙන් කිසි සමයෙක මේ ලොව නස්නේ ද, එබඳු වූ කාලයෙක් වේ ම ය.|mahaṇeni, dik kalak ævǣmen kisi samayeka mē lova nasnē da, ebaṉdu vū kālayek vē ma ya.
sin_01_00294|එසේ ලොව නැසෙන කල්හී සත්හු බෙහෙවින් ආභස්සර බඹලොවැ උපදින්නෝ වෙති.|esē lova næsena kalhī sathu behevin ābhassara bambalovæ upadinnō veti.
sin_01_00295|ඔහු එහි ධ්යානචිත්ත බලයෙන් උපන්නෝ වෙති, ප්රීතිය ම ආහාර කොට ඇත්තෝ වෙති, තුමූ ම බැබළෙන්නෝ වෙති, අහසෙහි හැසිරෙන්නෝ වෙති, සිත්කළු වස්ත්රාභරණ හැඳ පැළඳ සිටින්නෝ වෙති.|ohu ehi dhyānacitta balayen upannō veti, prītiya ma āhāra koṭa ættō veti, tumū ma bæbaḷennō veti, ahasehi hæsirennō veti, sitkaḷu vastrābharaṇa hæṉda pæḷaṉda siṭinnō veti.
sin_01_00296|එහි ඔහු ඉතා බොහෝ කලක් සිටිත්.|ehi ohu itā bohō kalak siṭit.
sin_01_00297|දික් කලක් ඉක්මීමෙන් යම් කිසි සමයෙක මෙලොව නැවත හටගන්නේ නම් එසේ වූ කාලයෙක් වෙයි.|dik kalak ikmīmen yam kisi samayeka melova nævata haṭagannē nam esē vū kālayek veyi.
sin_01_00298|එසේ ලොව හට ගන්නා කල්හී හිස් බඹවිමනෙක් පහළ වෙයි.|esē lova haṭa gannā kalhī his bambavimanek pahaḷa veyi.
sin_01_00299|ඒ කල්හී එක්තරා සත්ත්වයෙක් ආයු ගෙවී යෑමෙන් හෝ පින් ගෙවී යෑමෙන් ආභස්සර බඹ ලොවින් සැව ඒ හිස් බඹවිමනෙහි උපදී.|ē kalhī ektarā sattvayek āyu gevī yǣmen hō pin gevī yǣmen ābhassara bamba lovin sæva ē his bambavimanehi upadī.
sin_01_00300|හෙ තෙමේ එහි ධ්යාන සිතින් උපන්නේ ප්රීතියම ආහාර කොට ඇත්තේ වෙයි.|he temē ehi dhyāna sitin upannē prītiyama āhāra koṭa ættē veyi.
sin_01_00301|සිය සිරුරු එළියෙන් ම බබළන්නේ වෙයි, ආකාශචාරී වෙයි, සිත්කළු වස්ත්රාභරණ ඇති වැ සිටින්නේ වෙයි.|siya siruru eḷiyen ma babaḷannē veyi, ākāśacārī veyi, sitkaḷu vastrābharaṇa æti væ siṭinnē veyi.
sin_01_00302|හේ එහි ඉතා බොහෝ කලක් සිටියි.|hē ehi itā bohō kalak siṭiyi.
sin_01_00303|එහි ඔහු හුදකලා වැ බොහෝ කලක් වුසූ හෙයින් 'අන් සත්හු ද මේ අත්බවට එන්නාහු නම් යෙහෙකැ' යි ප්රාර්ථනාවෙක් තෘෂ්ණාවෙක් ඔහුට පහළ වෙයි.|ehi ohu hudakalā væ bohō kalak vusū heyin 'an sathu da mē atbavaṭa ennāhu nam yehekæ' yi prārthanāvek tṛşṇāvek ohuṭa pahaḷa veyi.
sin_01_00304|ඉක්බිති එක්තරා සත්ත්ව කෙනෙක් ද, ආයු ගෙවීමෙන් හෝ පින් ගෙවීමෙන් හෝ ආභස්සර ලොවින් සැව ඒ බඹවිමනට, ඔහුගේ සහභාවයට පැමිණෙත්.|ikbiti ektarā sattva kenek da, āyu gevīmen hō pin gevīmen hō ābhassara lovin sæva ē bambavimanaṭa, ohugē sahabhāvayaṭa pæmiṇet.
sin_01_00305|ඔහු ද එහි ධ්යානමනසින් උපන්නෝ ප්රීතිය ම ආහාර කොට ඇත්තෝ වෙත්, ස්වයම්ප්රභ වෙත්, ආකාශචාරී වෙත්, සිත්කළු උයන් විමන් ආදියෙහි සිටින්නෝ (නොහොත් සිත්කළු වස්ත්රාභරණ හැඳ පැලැඳ සිටින්නෝ) වෙත්.|ohu da ehi dhyānamanasin upannō prītiya ma āhāra koṭa ættō vet, svayamprabha vet, ākāśacārī vet, sitkaḷu uyan viman ādiyehi siṭinnō (nohot sitkaḷu vastrābharaṇa hæṉda pælæṉda siṭinnō) vet.
sin_01_00306|ඔහු එහි ඉතා දික් කලක් සිටිත්.|ohu ehi itā dik kalak siṭit.
sin_01_00307|'යම් ඒ භවත් බ්රහ්මයෙක් මහාබ්රහ්ම ද, අනුන් මැඩ පවත්වන්නේ ද, ඊශ්වර ද, කාරක ද, නිර්මාපක ද, උත්තම ද, ලොව සකස් කරන්නේ ද,|'yam ē bhavat brahmayek mahābrahma da, anun mæḍa pavatvannē da, īśvara da, kāraka da, nirmāpaka da, uttama da, lova sakas karannē da,
sin_01_00308|පුරුදු කළ වශීතා ඇත්තේ ද, උපනුන්හටත් උපදනාවුන්හටත් පීතෘ ද, යම් භවත් මහබඹක්හු විසින් අප මවන ලදුමෝ ද,|purudu kaḷa vaśītā ættē da, upanunhaṭat upadanāvunhaṭat pītṛ da, yam bhavat mahabambakhu visin apa mavana ladumō da,
sin_01_00309|ඒ මහබඹ තෙමේ නිත්ය ය, ධ්රුව ය (නො මැරෙන්නේ ය), සදාකාලික ය, නොවෙනස් වන ස්වභාව ඇත්තේ ය, මහාපෘථිවි ආදී ශාශ්වත වස්තූන් හා සම වැ එසේ ම නොවෙනස් වැ සිටින්නේ ය.|ē mahabamba temē nitya ya, dhruva ya (no mærennē ya), sadākālika ya, novenas vana svabhāva ættē ya, mahāpṛthivi ādī śāśvata vastūn hā sama væ esē ma novenas væ siṭinnē ya.
sin_01_00310|යම් බඳු අපි ඒ භවත් බඹහු විසින් මවන ලදුමෝ ද, ඒ අපි අනිත්යම්හ, අධ්රුවයම්හ, අල්පායුෂ්කයම්හ, මැරෙන ස්වභාවය ඇත්තම්හ, |yam baṉdu api ē bhavat bambahu visin mavana ladumō da, ē api anityamha, adhruvayamha, alpāyuşkayamha, mærena svabhāvaya ættamha, 
sin_01_00311|එ බැවින් බඹ ලොවින් සැව මෙහි මේ මිනිසත් බවට ආම්හ' යනු යි.|e bævin bamba lovin sæva mehi mē minisat bavaṭa āmha' yanu yi.
sin_01_00312|අග්රමාර්ගයාගේ උත්පාදක්ෂණයෙහි ද යම් සිතකට අනතුරු වැ අග්රමාර්ගය පිළිලබන්නාහු නම් ඒ චිත්තයාගේ උත්පාදක්ෂණයෙහි ද,|agramārgayāgē utpādakşaṇayehi da yam sitakaṭa anaturu væ agramārgaya piḷilabannāhu nam ē cittayāgē utpādakşaṇayehi da,
sin_01_00313|අතරැ අවන් නොපිළිසන් එක් සඤ්චේතනක සුක්කවිසට්ඨි ඇවැතට මූලායපටිකස්සනාව|ataræ avan nopiḷisan ek sañcētanaka sukkavisaṭṭhi ævætaṭa mūlāyapaṭikassanāva
sin_01_00314|අධ්යාත්මරූපයෙහි පරිකර්මසංඥා රහිත වූයේ|adhyātmarūpayehi parikarmasaṁgnā rahita vūyē
sin_01_00315|අනඤ්ඤාතඤ්ඤස්සාමීතින්ද්රිය හා අඤ්ඤින්ද්රිය|anaññātaññassāmītindriya hā aññindriya
sin_01_00316|අනු ව දක්නාසුලු ව කෙලෙස් තවන වැර ඇති ව මනා දැනුම් ඇති ව සිහි ඇති ව|anu va daknāsulu va keles tavana væra æti va manā dænum æti va sihi æti va
sin_01_00317|අනුපසපනක්හු කෙරෙහි විමති ඇතියේ නම් දුකුළා ඇවැත් වෙයි.|anupasapanakhu kerehi vimati ætiyē nam dukuḷā ævæt veyi.
sin_01_00318|අන් එක ධර්මයකුදු මම නුවණැසින් නො නොදකිමි.|an eka dharmayakudu mama nuvaṇæsin no nodakimi.
sin_01_00319|අරීඅටඟිමඟ වඩන්නේ අරීඅටඟිමඟ බහුල කරන්නේ නිවනට නැමුණේ නිවනට නැඹුරු වූයේ වෙයි.|arīaṭaṉgimaṉga vaḍannē arīaṭaṉgimaṉga bahula karannē nivanaṭa næmuṇē nivanaṭa næmburu vūyē veyi.
sin_01_00320|අර්ථ පිණිස හිත පිණිස සුව පිණිස|artha piṇisa hita piṇisa suva piṇisa
sin_01_00321|අර්හත් වූ බුදුරදුන් විසින් වදාරණ ලද්දේ ය.|arhat vū buduradun visin vadāraṇa laddē ya.
sin_01_00322|අර්හත් වූ සර්වඥයන් වහන්සේ විසින් මෙය වදාරණ ලද්දේ ය.|arhat vū sarvagnayan vahansē visin meya vadāraṇa laddē ya.
sin_01_00323|අවශෙෂ ඉන්ද්රියයෝ ඉන්ද්රිය වෙති, අඤ්ඤාතාවින්ද්රිය නො වේ.|avaśeşa indriyayō indriya veti, aññātāvindriya no vē.
sin_01_00324|අවශේෂධර්මයෝ මෛත්රිය හා සම්ප්රයුක්තයෝ යි.|avaśēşadharmayō maitriya hā samprayuktayō yi.
sin_01_00325|අවිද්යාපරිඝයෙක් මෝහසඞ්ඛ්යාත අකුශලමූලයෙක් වේ|avidyāparighayek mōhasaṅkhyāta akuśalamūlayek vē
sin_01_00326|අසඞ්ඛතධාතුව ස්කන්ධ සඞ්ඛ්යාවෙන් හැරපියා|asaṅkhatadhātuva skandha saṅkhyāven hærapiyā
sin_01_00327|ආකාශධාතු ය අබ්ධාතු ය රූපයාගේ උපචය ය රූපයාගේ සන්තති ය|ākāśadhātu ya abdhātu ya rūpayāgē upacaya ya rūpayāgē santati ya
sin_01_00328|ආත්මහිතය පිණිස පිළිපන් පුද්ගලයෙක්|ātmahitaya piṇisa piḷipan pudgalayek
sin_01_00329|ආයුෂ්මත් ආනන්ද තෙරණුවෝ භාග්යවතුන් වහන්සේට මෙසේ සැල කළේය.|āyuşmat ānanda teraṇuvō bhāgyavatun vahansēṭa mesē sæla kaḷēya.
sin_01_00330|ආයුෂ්මත් බක්කුල තෙරණුවෝ|āyuşmat bakkula teraṇuvō
sin_01_00331|ආශ්වාසප්රශ්වාසයන්ගේ උත්පාදක්ෂණයෙහි හා ආශ්වාසප්රශ්වාසයන්ගේ භඞ්ගක්ෂණයෙහි|āśvāsapraśvāsayangē utpādakşaṇayehi hā āśvāsapraśvāsayangē bhaṅgakşaṇayehi
sin_01_00332|ඇත්රජකු මෙන් බැඳුම් සිඳ ආස්රව රහිතව වෙසෙමි.|ætrajaku men bæṉdum siṉda āsrava rahitava vesemi.
sin_01_00333|ඇස්පහස නිසා සුව වූ හෝ දුක් වූ හෝ නොදුක් නොසුව වූ හෝ|æspahasa nisā suva vū hō duk vū hō noduk nosuva vū hō
sin_01_00334|ඉක්බිති ඒ භික්ෂූහු භාග්යවතුන් වහන්සේට මෙපවත් සැළ කළහ.|ikbiti ē bhikşūhu bhāgyavatun vahansēṭa mepavat sæḷa kaḷaha.
sin_01_00335|ඉන්ද්රිය නොවූවාහු අඤ්ඤාතාවින්ද්රිය නොවූයෙ වෙයි යත්, එසේ යි.|indriya novūvāhu aññātāvindriya novūye veyi yat, esē yi.
sin_01_00336|ඉන්ද්රිය නොවූවාහු චක්ඛුන්ද්රිය නොවූයෙ වෙයි යත්, එසේ යැ.|indriya novūvāhu cakkhundriya novūye veyi yat, esē yæ.
sin_01_00337|ඉන්ද්රියයෝ අඤ්ඤාතාවින්ද්රිය වෙයි යත්, අඤ්ඤාතාවින්ද්රිය ඉන්ද්රිය ද අඤ්ඤාතාවින්ද්රිය ද වෙයි.|indriyayō aññātāvindriya veyi yat, aññātāvindriya indriya da aññātāvindriya da veyi.
sin_01_00338|එම ලොකොත්තරකුශලධ්යානය කළ බැවින් වැඩු බැවින් කාමයන්ගෙන් වෙන් ව ම.|ema lokottarakuśaladhyānaya kaḷa bævin væḍu bævin kāmayangen ven va ma.
sin_01_00339|එකල්හි ආයුෂ්මත් ආනන්ද තෙරණුවෝ භාග්යවතුන් වහන්සේ වෙත එළඹියහ.|ekalhi āyuşmat ānanda teraṇuvō bhāgyavatun vahansē veta eḷambiyaha.
sin_01_00340|එකල්හි එක්තරා මහණෙක් භාග්යවතුන් වහන්සේ වෙත එළඹියේ ය.|ekalhi ektarā mahaṇek bhāgyavatun vahansē veta eḷambiyē ya.
sin_01_00341|එක් ආයතනයක් හා සමග එක් ධාතුවක් හා සමග ඇතැම් ධර්ම කෙනකුන් හා විප්රයුක්ත|ek āyatanayak hā samaga ek dhātuvak hā samaga ætæm dharma kenakun hā viprayukta
sin_01_00342|එක් ප්රකාරයෙකින් විඥානස්කන්ධය වෙයි, ස්පර්ශය හා සම්ප්රයුක්ත වූයේ යි.|ek prakārayekin vignānaskandhaya veyi, sparśaya hā samprayukta vūyē yi.
sin_01_00343|එක් ස්කන්ධයක් විසින් දස ආයතනයක් විසින් සොළොස් ධාතුවක් විසින් අසඞ්ගෘහීත|ek skandhayak visin dasa āyatanayak visin soḷos dhātuvak visin asaṅgṛhīta
sin_01_00344|එක් ස්කන්ධයක් හා දස ආයතනයන් හා සොළොස් ධාතූන් හා විප්රයුක්ත|ek skandhayak hā dasa āyatanayan hā soḷos dhātūn hā viprayukta
sin_01_00345|එක්කලෙක භාග්යවතුන් වහන්සේ රජගහනුවර සමීපයෙහි කලන්දකනිවාප නම් වූ වේළුවනාරාමයෙහි වසන සේක.|ekkaleka bhāgyavatun vahansē rajagahanuvara samīpayehi kalandakanivāpa nam vū vēḷuvanārāmayehi vasana sēka.
sin_01_00346|එක්කලෙක භාග්යවතුන් වහන්සේ සැවැත්නුවර සමීපයෙහි ජේතවන නම් වූ අනේපිඬු සිටුහුගේ අරම්හි වසන සේක.|ekkaleka bhāgyavatun vahansē sævætnuvara samīpayehi jētavana nam vū anēpiṇḍu siṭuhugē aramhi vasana sēka.
sin_01_00347|එබැවින් අපි මොහුගේ තජ්ජනීයකර්මය සන්සිඳුවමු යි මෙසේ අදහස් වේ.|ebævin api mohugē tajjanīyakarmaya sansiṉduvamu yi mesē adahas vē.
sin_01_00348|එය දැනගන්නා ප්රඥාව ශ්රුතමයඥාන යැ.|eya dænagannā pragnāva śrutamayagnāna yæ.
sin_01_00349|එය දුරු කරන ලද්දේ තොපට හිත පිණිස සුව පිණිස වන්නේය.|eya duru karana laddē topaṭa hita piṇisa suva piṇisa vannēya.
sin_01_00350|එයින් කියනු ලැබෙයි ඒවමේතස්ස කේවලස්ස දුක්ඛක්ඛන්ධස්ස සමුදයෝ හෝති යි.|eyin kiyanu læbeyi ēvamētassa kēvalassa dukkhakkhandhassa samudayō hōti yi.
sin_01_00351|එසමයෙහි එක්තරා මහණෙක් ගිලන් වෙයි.|esamayehi ektarā mahaṇek gilan veyi.
sin_01_00352|එසමයෙහි භාග්යවත් බුදුහු සැවැත් නුවර ජෙතවන නම් අනේපිඬු සිටුහුගේ අරම්හි වැඩැවෙසෙති.|esamayehi bhāgyavat buduhu sævæt nuvara jetavana nam anēpiṇḍu siṭuhugē aramhi væḍæveseti.
sin_01_00353|එහි කාමරාගානුසය ද පටිඝානුසය ද මානානුසය ද දිට්ඨානුසය ද විචිකිච්ඡානුසය ද භවරාගානුසය ද ඇත.|ehi kāmarāgānusaya da paṭighānusaya da mānānusaya da diṭṭhānusaya da vicikicchānusaya da bhavarāgānusaya da æta.
sin_01_00354|එහි දී භාග්යවතුන් වහන්සේ මහණෙනි යි භික්ෂූන් ඇමතූ සේක.|ehi dī bhāgyavatun vahansē mahaṇeni yi bhikşūn æmatū sēka.
sin_01_00355|එහෙයින් කියනු ලැබෙයි විහරති'යි.|eheyin kiyanu læbeyi viharati'yi.
sin_01_00356|එහෙයින් කියනු ලැබෙයි, ඒවමේතස්ස කේවලස්ස දුක්ඛක්ඛන්ධස්ස සමුදයෝ හෝති යි.|eheyin kiyanu læbeyi, ēvamētassa kēvalassa dukkhakkhandhassa samudayō hōti yi.
sin_01_00357|එළඹ භාග්යවතුන් වහන්සේ වැඳ එකත්පසෙක සිටියේ ය.|eḷamba bhāgyavatun vahansē væṉda ekatpaseka siṭiyē ya.
sin_01_00358|එළඹ භාග්යවතුන් වහන්සේ සකසා වැඳ එකත්පස්ව හුන්හ.|eḷamba bhāgyavatun vahansē sakasā væṉda ekatpasva hunha.
sin_01_00359|ඒ ධර්මයෝ සතර ස්කන්ධයක් විසින් ආයතන දෙකක් විසින් ධාතු දෙකක් විසින් සඞ්ගෘහීත වෙති.|ē dharmayō satara skandhayak visin āyatana dekak visin dhātu dekak visin saṅgṛhīta veti.
sin_01_00360|ඒ පිනෙන් මාගේ සම්පත්තිය මෙහි සමෘද්ධ වෙයි.|ē pinen māgē sampattiya mehi samṛddha veyi.
sin_01_00361|ඒ පුඟුල්හට මැ කාමධාතුයෙහි දෙවැදෑරුම් වේදනා ඇති කල්හි ඔහුට|ē puṉgulhaṭa mæ kāmadhātuyehi devædǣrum vēdanā æti kalhi ohuṭa
sin_01_00362|ඒ භාග්යවත් අර්හත් සම්මාසම්බුදුරජාණන් වහන්සේට නමස්කාර වේවා.|ē bhāgyavat arhat sammāsambudurajāṇan vahansēṭa namaskāra vēvā.
sin_01_00363|ඒ මහණහුට සනිටුහන් කිරීම අවසන් කොට ඇති කඨිනුද්ධාරය වේ.|ē mahaṇahuṭa saniṭuhan kirīma avasan koṭa æti kaṭhinuddhāraya vē.
sin_01_00364|ඔවුන්ගෙන් කිනම් වැඩෙක් දැ යි බිඳීමේ අදහස පෙරටු කොට ඇත්තාහු පොහොය කරත්.|ovungen kinam væḍek dæ yi biṉdīmē adahasa peraṭu koṭa ættāhu pohoya karat.
sin_01_00365|ඔවුන්ගේ හමුවෙහි පැවරිය යුතු ය.|ovungē hamuvehi pævariya yutu ya.
sin_01_00366|ඔහු නො පැමිණි අන්ය වූ ආවාසිකභික්ෂූහු ඇත්තාහ යි නො දනිත්.|ohu no pæmiṇi anya vū āvāsikabhikşūhu ættāha yi no danit.
sin_01_00367|කම්වදන් පිරියතැ උවදෑ මෙහෙණට පචිති ඇවැත් වෙයි.|kamvadan piriyatæ uvadǣ meheṇaṭa paciti ævæt veyi.
sin_01_00368|කවර පිනෙකින් තීගේ සුචරිතඵලය මෙහි සමෘද්ධ වේ ද?|kavara pinekin tīgē sucaritaphalaya mehi samṛddha vē da?
sin_01_00369|කවරෙක් එසමයෙහි සංස්කාරස්කන්ධ වෙයි යත්,|kavarek esamayehi saṁskāraskandha veyi yat,